SeniorCitizen,tenure,MonthlyCharges,TotalCharges,gender_Male,Partner_Yes,Dependents_Yes,PhoneService_Yes,MultipleLines_No phone service,MultipleLines_Yes,InternetService_Fiber optic,InternetService_No,OnlineSecurity_No internet service,OnlineSecurity_Yes,OnlineBackup_No internet service,OnlineBackup_Yes,DeviceProtection_No internet service,DeviceProtection_Yes,TechSupport_No internet service,TechSupport_Yes,StreamingTV_No internet service,StreamingTV_Yes,StreamingMovies_No internet service,StreamingMovies_Yes,Contract_One year,Contract_Two year,PaperlessBilling_Yes,PaymentMethod_Credit card (automatic),PaymentMethod_Electronic check,PaymentMethod_Mailed check,CustomerID,Actual_Churn,Predicted_Churn,Churn_Probability,Risk_Level,RF_Predicted_Churn,RF_Churn_Probability
0,72,114.05,8468.2,True,True,True,True,False,True,True,False,False,True,False,True,False,True,False,True,False,True,False,True,False,True,True,True,False,False,4376-KFVRS,0,0,0.11693708580057649,Low Risk,0,0.015706564090663924
1,8,100.15,908.55,False,False,False,True,False,True,True,False,False,False,False,False,False,False,False,True,False,True,False,True,False,False,True,True,False,False,2754-SDJRD,0,1,0.8520341396898379,High Risk,1,0.8432673102495882
0,41,78.35,3211.2,False,True,True,True,False,True,False,False,False,True,False,True,False,True,False,False,False,True,False,False,True,False,True,True,False,False,9917-KWRBE,0,0,0.14100541973103667,Low Risk,0,0.1364816632750836
0,18,78.2,1468.75,True,True,False,True,False,False,True,False,False,False,False,False,False,True,False,True,False,False,False,False,False,False,False,False,True,False,0365-GXEZS,0,1,0.6654679188038163,High Risk,1,0.5062566292832799
0,72,82.65,5919.35,False,True,False,True,False,True,False,False,False,True,False,True,False,True,False,False,False,True,False,True,False,True,True,True,False,False,9385-NXKDA,0,0,0.061330972291761286,Low Risk,0,0.026231650122303666
0,21,99.85,1992.55,False,False,False,True,False,True,True,False,False,False,False,True,False,False,False,False,False,True,False,True,False,False,True,True,False,False,4686-UXDML,0,1,0.8058733797342619,High Risk,1,0.7232239571770503
0,21,99.15,1956.4,False,False,False,True,False,False,True,False,False,False,False,True,False,False,False,True,False,True,False,True,False,False,True,False,False,False,2227-JRSJX,0,1,0.7004024289037751,High Risk,1,0.5891453714208185
0,19,24.1,439.2,True,False,True,True,False,True,False,True,True,False,True,False,True,False,True,False,True,False,True,False,False,False,True,True,False,False,4830-FAXFM,0,0,0.29385296364524777,Low Risk,0,0.09066034957052069
0,61,19.75,1311.6,False,True,True,True,False,False,False,True,True,False,True,False,True,False,True,False,True,False,True,False,False,True,False,True,False,False,1830-IPXVJ,0,0,0.008960877072928551,Low Risk,0,0.005886459911511305
1,17,45.05,770.6,True,False,False,True,False,False,False,False,False,False,False,False,False,False,False,False,False,False,False,False,False,False,True,False,True,False,4690-LLKUA,1,1,0.6523862303519705,High Risk,1,0.603289113293157
0,70,106.05,7554.05,True,True,True,True,False,True,True,False,False,True,False,True,False,False,False,False,False,True,False,True,False,False,True,False,True,False,5804-HYIEZ,0,1,0.5161005903766059,Medium Risk,0,0.27744770724814116
1,72,114.85,8317.95,False,True,False,True,False,True,True,False,False,True,False,True,False,True,False,True,False,True,False,True,False,True,True,False,False,False,2388-LAESQ,0,0,0.1508289423859352,Low Risk,0,0.027598790569996298
0,49,30.2,1453.1,True,False,False,False,True,False,False,False,False,False,False,False,False,True,False,False,False,False,False,False,False,False,True,False,False,False,5533-RJFTJ,0,0,0.3088222057033174,Medium Risk,0,0.34678120704821636
1,11,84.8,906.85,False,False,False,True,False,True,True,False,False,False,False,False,False,False,False,False,False,False,False,True,False,False,True,True,False,False,4706-AXVKM,1,1,0.8535632667296611,High Risk,1,0.7774651320080301
0,19,48.8,953.65,False,False,True,True,False,False,False,False,False,False,False,False,False,False,False,True,False,False,False,False,False,False,False,False,False,True,0997-YTLNY,0,0,0.30164218513282265,Medium Risk,0,0.25838292686563596
0,72,84.5,6130.85,True,True,True,True,False,True,True,False,False,False,False,False,False,False,False,False,False,False,False,True,False,True,True,True,False,False,7971-HLVXI,0,0,0.14788826328851962,Low Risk,0,0.11148486894619199
0,8,19.5,159.35,False,True,True,True,False,False,False,True,True,False,True,False,True,False,True,False,True,False,True,False,False,True,False,False,False,False,7337-CINUD,0,0,0.07831426829108017,Low Risk,0,0.03522945357326456
0,15,91.0,1430.05,True,False,True,True,False,True,True,False,False,False,False,True,False,False,False,False,False,True,False,False,False,False,True,False,True,False,1379-FRVEB,0,1,0.8183927296226793,High Risk,1,0.7671707569060746
0,67,105.7,6816.95,False,True,False,True,False,True,True,False,False,False,False,True,False,True,False,False,False,True,False,True,True,False,True,False,False,False,4753-PADAS,0,0,0.37846322606640337,Medium Risk,0,0.3581260508289524
0,26,35.4,978.6,False,True,False,False,True,False,False,False,False,True,False,False,False,True,False,False,False,False,False,False,True,False,False,True,False,False,5701-GUXDC,0,0,0.2063043808628877,Low Risk,0,0.19093274875737137
1,2,74.85,156.4,True,False,False,True,False,True,True,False,False,False,False,False,False,False,False,False,False,False,False,False,False,False,True,False,False,True,7235-NXZCP,1,1,0.8658782848599542,High Risk,1,0.8256975331360238
0,21,28.5,629.35,False,True,False,False,True,False,False,False,False,True,False,False,False,False,False,False,False,False,False,False,False,False,False,False,True,False,0668-OGMHD,0,1,0.5148426745381306,Medium Risk,1,0.440807173854924
0,49,20.05,923.1,False,True,False,True,False,False,False,True,True,False,True,False,True,False,True,False,True,False,True,False,True,False,True,False,False,False,2812-REYAT,0,0,0.049456701908520716,Low Risk,0,0.0341545500953644
0,21,19.8,350.1,True,True,True,True,False,False,False,True,True,False,True,False,True,False,True,False,True,False,True,False,True,False,False,False,False,True,8779-YIQQA,0,0,0.09593016265973325,Low Risk,0,0.0171192145801056
0,51,69.15,3649.6,False,True,False,True,False,False,True,False,False,False,False,False,False,False,False,False,False,False,False,False,False,False,False,False,False,True,9701-CDXHR,0,1,0.4016071311748752,Medium Risk,0,0.32254201463480975
1,16,54.55,825.1,True,True,False,True,False,False,False,False,False,True,False,True,False,False,False,False,False,False,False,False,False,False,True,False,False,False,7130-CTCUS,0,1,0.4336006450550277,Medium Risk,0,0.32086019715788033
0,22,89.25,1907.85,False,False,False,True,False,False,True,False,False,False,False,False,False,False,False,False,False,True,False,True,False,False,False,False,True,False,1894-IGFSG,1,1,0.7981569247624739,High Risk,1,0.6699232132102356
0,13,102.25,1359.0,True,True,False,True,False,True,True,False,False,False,False,False,False,True,False,False,False,True,False,True,False,False,True,True,False,False,0871-URUWO,1,1,0.8513220955250765,High Risk,1,0.7522567317111339
0,43,25.1,1070.15,False,False,True,True,False,True,False,True,True,False,True,False,True,False,True,False,True,False,True,False,False,True,True,False,True,False,0057-QBUQH,0,0,0.048588195561029876,Low Risk,0,0.026098889054814237
0,3,89.45,240.45,False,False,False,True,False,False,True,False,False,False,False,False,False,False,False,False,False,True,False,True,False,False,True,False,True,False,9611-CTWIH,1,1,0.90362599427536,High Risk,1,0.885387083947363
1,54,90.05,4931.8,True,False,False,True,False,True,True,False,False,False,False,True,False,False,False,False,False,False,False,True,False,False,True,False,True,False,8058-DMYRU,0,1,0.7041204950588645,High Risk,1,0.5909736230035249
0,1,24.2,24.2,True,False,True,False,True,False,False,False,False,False,False,False,False,False,False,False,False,False,False,False,False,False,False,False,False,True,5351-QESIO,0,1,0.6687546320721929,High Risk,1,0.5080377690497401
0,69,20.55,1403.1,True,True,True,True,False,False,False,True,True,False,True,False,True,False,True,False,True,False,True,False,True,False,True,True,False,False,4302-ZYFEL,0,0,0.01790139804782763,Low Risk,0,0.0029709408625163795
0,62,23.4,1429.65,True,False,False,True,False,True,False,True,True,False,True,False,True,False,True,False,True,False,True,False,False,True,False,False,False,False,6134-KWTBV,0,0,0.014775255286478536,Low Risk,0,0.00885119313823545
0,2,90.4,168.2,False,False,False,True,False,False,True,False,False,False,False,False,False,False,False,False,False,True,False,True,False,False,True,False,True,False,2034-GDRCN,1,1,0.9035302926120099,High Risk,1,0.8880785016476193
1,62,96.1,6019.35,False,True,True,True,False,True,True,False,False,False,False,True,False,True,False,False,False,False,False,True,False,False,True,True,False,False,9544-PYPSJ,0,1,0.49767733286796995,Medium Risk,0,0.34290850661575706
1,2,44.95,85.15,True,False,False,True,False,False,False,False,False,False,False,False,False,False,False,False,False,False,False,False,False,False,False,False,False,True,4208-UFFGW,1,1,0.6235404444713659,High Risk,1,0.7082447218996478
0,69,19.9,1356.7,True,True,True,True,False,False,False,True,True,False,True,False,True,False,True,False,True,False,True,False,False,True,False,False,False,False,9537-JALFH,0,0,0.0064248968149737806,Low Risk,0,0.0030657717454775726
0,1,74.5,74.5,False,False,False,True,False,True,True,False,False,False,False,False,False,False,False,False,False,False,False,False,False,False,True,False,True,False,4415-IJZTP,1,1,0.8878903863307069,High Risk,1,0.9240109492752564
0,31,55.25,1715.65,True,False,False,True,False,False,False,False,False,False,False,False,False,True,False,True,False,False,False,False,False,False,True,False,True,False,4701-MLJPN,1,1,0.40345083702774565,Medium Risk,0,0.18599435514622287
1,69,20.3,1356.3,True,False,False,True,False,False,False,True,True,False,True,False,True,False,True,False,True,False,True,False,False,True,False,True,False,False,7515-LODFU,0,0,0.009102547527134998,Low Risk,0,0.0058614401123710785
0,2,91.45,171.45,True,True,False,True,False,True,True,False,False,False,False,False,False,True,False,False,False,True,False,False,False,False,True,False,True,False,4927-WWOOZ,0,1,0.8996646124570696,High Risk,1,0.9032342277980451
0,33,70.4,2406.1,False,False,False,True,False,False,True,False,False,False,False,False,False,False,False,False,False,False,False,False,False,False,True,False,False,False,4067-HLYQI,0,1,0.599238765883076,Medium Risk,1,0.6134560122770192
0,3,19.6,55.25,False,True,False,True,False,False,False,True,True,False,True,False,True,False,True,False,True,False,True,False,False,False,True,False,False,True,6184-DYUOB,0,1,0.4516510022794493,Medium Risk,0,0.17243717310253856
0,44,65.4,2774.55,True,False,False,True,False,False,False,False,False,True,False,False,False,False,False,True,False,True,False,False,True,False,False,False,True,False,9209-NWPGU,0,0,0.11865833934101157,Low Risk,0,0.12868716848768189
0,10,110.1,1043.3,True,False,False,True,False,False,True,False,False,True,False,True,False,True,False,True,False,True,False,True,False,False,True,False,True,False,9851-KIELU,1,1,0.7493336414344861,High Risk,1,0.6418139942861492
0,8,75.25,576.7,False,False,False,True,False,True,True,False,False,False,False,False,False,False,False,False,False,False,False,False,False,False,True,False,True,False,3199-XGZCY,0,1,0.8609226935240568,High Risk,1,0.8410532920707379
0,8,66.65,520.95,True,False,False,True,False,False,False,False,False,False,False,True,False,False,False,True,False,True,False,False,False,False,True,False,True,False,4226-KKDON,0,1,0.6188565380531916,High Risk,0,0.3492312499807952
0,69,20.35,1442.65,False,True,True,True,False,False,False,True,True,False,True,False,True,False,True,False,True,False,True,False,True,False,True,True,False,False,1085-LDWAM,0,0,0.01760252231148168,Low Risk,0,0.016968432624365957
0,23,75.6,1758.6,False,False,False,True,False,True,True,False,False,False,False,False,False,False,False,False,False,False,False,False,False,False,False,False,False,False,6825-UYPFK,1,1,0.6513120665649852,High Risk,1,0.5064829624379532
0,66,25.1,1697.7,True,False,False,True,False,True,False,True,True,False,True,False,True,False,True,False,True,False,True,False,False,True,False,False,False,True,1767-CJKBA,0,0,0.01291337351119524,Low Risk,0,0.004617549620191272
0,1,102.45,102.45,False,True,True,True,False,True,True,False,False,True,False,False,False,True,False,False,False,True,False,True,False,False,True,False,True,False,7181-BQYBV,1,1,0.8718580221140851,High Risk,1,0.7873074559598929
0,3,19.95,58.0,False,False,False,True,False,False,False,True,True,False,True,False,True,False,True,False,True,False,True,False,False,False,False,False,False,True,0178-CIIKR,0,0,0.3639804975341277,Medium Risk,0,0.2283430119278888
0,5,51.0,286.8,False,False,True,True,False,False,False,False,False,False,False,False,False,False,False,True,False,False,False,False,False,False,True,False,False,True,4256-ZWTZI,0,1,0.4833055897686902,Medium Risk,1,0.4915396979840622
0,1,51.2,51.2,False,False,True,True,False,False,False,False,False,True,False,False,False,False,False,False,False,False,False,False,False,False,False,False,False,True,9537-VHDTA,0,1,0.4157732236026094,Medium Risk,1,0.549915977082161
0,9,77.65,714.15,False,False,False,True,False,False,True,False,False,False,False,False,False,False,False,False,False,True,False,False,False,False,True,False,False,False,2754-XBHTB,1,1,0.8140067980426925,High Risk,1,0.7716327348133086
0,36,63.7,2188.5,True,True,True,True,False,False,False,False,False,True,False,False,False,True,False,False,False,False,False,True,True,False,True,True,False,False,5975-BAICR,0,0,0.16215717144276137,Low Risk,0,0.17731229993384942
0,68,85.5,5696.6,True,True,True,True,False,True,True,False,False,True,False,True,False,False,False,False,False,False,False,False,True,False,True,False,False,False,3301-VKTGC,0,0,0.1410420356031519,Low Risk,0,0.16153881425030325
0,35,40.9,1383.6,False,True,True,False,True,False,False,False,False,False,False,False,False,False,False,True,False,True,False,False,True,False,False,False,False,True,2877-VDUER,0,0,0.1762237452601087,Low Risk,0,0.13151533557085032
0,60,20.55,1205.05,True,True,True,True,False,False,False,True,True,False,True,False,True,False,True,False,True,False,True,False,False,True,False,False,False,True,7717-BICXI,0,0,0.009721949733817096,Low Risk,0,0.006925499406474245
0,72,74.55,5430.65,False,True,True,True,False,True,False,False,False,True,False,True,False,False,False,True,False,True,False,False,False,True,False,False,False,True,0562-FGDCR,0,0,0.01870107884461191,Low Risk,0,0.021024610913886476
0,45,20.4,930.45,True,False,False,True,False,False,False,True,True,False,True,False,True,False,True,False,True,False,True,False,True,False,True,False,True,False,3705-PSNGL,1,0,0.08591669285145477,Low Risk,0,0.009848026393783236
0,37,91.2,3247.55,True,True,True,True,False,False,True,False,False,False,False,False,False,False,False,False,False,True,False,True,True,False,False,True,False,False,0048-LUMLS,0,0,0.39585821554092815,Medium Risk,0,0.3695950132790409
0,7,50.7,350.35,False,True,True,True,False,False,False,False,False,True,False,False,False,False,False,False,False,False,False,False,False,False,False,False,False,True,6497-TILVL,0,0,0.3722598186324322,Medium Risk,0,0.3307545295560784
0,4,50.7,151.3,False,False,False,True,False,False,False,False,False,False,False,True,False,False,False,False,False,False,False,False,False,False,False,True,False,False,2108-YKQTY,1,1,0.4992989571433898,Medium Risk,1,0.5244898646760124
0,1,54.9,54.9,False,False,False,True,False,False,False,False,False,True,False,True,False,False,False,False,False,False,False,False,False,False,True,False,True,False,3658-KIBGF,1,1,0.6119999166526369,High Risk,1,0.6743187165777075
0,4,60.4,272.15,False,False,False,True,False,False,False,False,False,True,False,True,False,False,False,True,False,False,False,False,False,False,True,False,False,True,5482-NUPNA,1,1,0.4106330155287407,Medium Risk,0,0.3345101254293168
0,18,49.55,878.35,True,True,False,True,False,False,False,False,False,False,False,False,False,True,False,False,False,False,False,False,False,False,True,False,False,True,7410-KTVFV,1,1,0.5222748948610466,Medium Risk,0,0.31308700273282386
0,12,74.05,872.65,False,False,False,True,False,True,False,False,False,False,False,False,False,False,False,True,False,True,False,True,True,False,False,False,False,True,9033-EOXWV,1,1,0.4147712596641927,Medium Risk,0,0.2641440660270554
0,1,80.05,80.05,False,True,True,True,False,False,True,False,False,False,False,False,False,False,False,False,False,True,False,False,False,False,True,False,False,True,8821-XNHVZ,1,1,0.8133987922222878,High Risk,1,0.8705495812399173
0,72,25.0,1738.9,True,True,True,True,False,True,False,True,True,False,True,False,True,False,True,False,True,False,True,False,False,True,False,False,False,False,8224-KDLKN,0,0,0.007620297717328613,Low Risk,0,0.0011886853780814551
0,42,20.25,835.5,True,True,False,True,False,False,False,True,True,False,True,False,True,False,True,False,True,False,True,False,False,True,False,False,True,False,4825-FUREZ,0,0,0.03653643301415436,Low Risk,0,0.005787674769522282
1,24,76.1,1712.7,True,False,False,True,False,True,True,False,False,False,False,False,False,False,False,False,False,False,False,False,False,False,True,False,True,False,7534-BFESC,1,1,0.81340950441057,High Risk,1,0.7290807567675107
0,26,78.95,2034.25,True,True,True,True,False,False,True,False,False,False,False,False,False,False,False,False,False,False,False,True,True,False,False,False,False,False,9138-EFSMO,0,1,0.42464638339483735,Medium Risk,0,0.28527355037554675
0,68,73.0,5163.0,False,True,True,True,False,True,False,False,False,True,False,True,False,True,False,False,False,True,False,False,True,False,True,True,False,False,4227-OJHAL,0,0,0.07784109970221119,Low Risk,0,0.12636172422062375
0,17,19.9,323.15,False,False,False,True,False,False,False,True,True,False,True,False,True,False,True,False,True,False,True,False,True,False,False,False,False,False,7279-NMVJC,0,0,0.12601747033146754,Low Risk,0,0.1403022185832206
0,59,111.1,6555.2,True,True,True,True,False,True,True,False,False,True,False,True,False,False,False,True,False,True,False,True,False,True,True,False,False,True,8591-TKMZH,0,0,0.14351736671508053,Low Risk,0,0.13847098318190593
0,13,74.4,896.75,True,True,True,True,False,True,True,False,False,False,False,False,False,False,False,False,False,False,False,False,False,False,True,True,False,False,9283-LZQOH,1,1,0.7509778029196776,High Risk,1,0.6312714390531194
0,2,20.45,42.45,False,False,False,True,False,False,False,True,True,False,True,False,True,False,True,False,True,False,True,False,False,False,True,False,False,True,3594-IVHJZ,0,1,0.4510254952577924,Medium Risk,0,0.11684495360963552
0,67,19.65,1335.2,False,True,False,True,False,False,False,True,True,False,True,False,True,False,True,False,True,False,True,False,False,True,False,False,False,True,1945-XISKS,0,0,0.00906868587932781,Low Risk,0,0.023015642835781044
0,17,20.05,337.9,False,False,False,True,False,False,False,True,True,False,True,False,True,False,True,False,True,False,True,False,True,False,False,True,False,False,4359-INNWN,0,0,0.12563945166264184,Low Risk,0,0.07210735696573439
0,71,80.1,5585.4,True,True,False,True,False,True,False,False,False,True,False,True,False,True,False,True,False,False,False,True,False,True,True,False,False,True,7649-SIJJF,0,0,0.03474163921953219,Low Risk,0,0.006858301070247455
0,17,98.6,1704.95,False,True,True,True,False,False,True,False,False,False,False,False,False,True,False,True,False,True,False,True,True,False,False,False,False,False,9254-RBFON,1,1,0.4592186722903418,Medium Risk,0,0.3900781287772859
0,1,89.55,89.55,True,False,False,True,False,False,True,False,False,False,False,False,False,False,False,False,False,True,False,True,False,False,True,False,True,False,0970-ETWGE,1,1,0.9112171833910976,High Risk,1,0.8931863838057155
0,6,19.7,94.45,False,True,True,True,False,False,False,True,True,False,True,False,True,False,True,False,True,False,True,False,True,False,False,False,False,True,7762-ONLJY,0,0,0.16436923131043923,Low Risk,0,0.159062418427017
0,61,114.1,7132.15,True,True,False,True,False,True,True,False,False,False,False,True,False,True,False,True,False,True,False,True,False,False,True,False,True,False,6710-HSJRD,0,1,0.6318849764576422,High Risk,1,0.47137967241499024
0,6,73.85,401.3,False,False,False,True,False,True,True,False,False,False,False,False,False,False,False,False,False,False,False,False,False,False,True,False,False,True,8873-GLDMH,0,1,0.829030469649065,High Risk,1,0.8207803652201191
1,1,25.05,25.05,False,False,False,False,True,False,False,False,False,False,False,False,False,False,False,False,False,False,False,False,False,False,False,False,False,True,9907-SWKKF,1,1,0.7359386698631141,High Risk,1,0.7399740111132221
0,21,102.8,2110.15,False,True,True,True,False,False,True,False,False,False,False,True,False,True,False,True,False,True,False,True,False,False,True,False,True,False,4658-HCOHW,1,1,0.7437490602763744,High Risk,1,0.6402015056182698
0,60,110.8,6640.7,False,True,False,True,False,True,True,False,False,False,False,True,False,True,False,True,False,True,False,True,False,True,True,True,False,False,9330-VOFSZ,0,0,0.21693800315935335,Low Risk,0,0.17971721024461498
1,20,85.8,1727.5,False,False,False,True,False,True,True,False,False,False,False,False,False,False,False,False,False,False,False,True,False,False,True,True,False,False,2860-RANUS,1,1,0.8148340092623464,High Risk,1,0.6648734848901793
0,22,95.9,2234.95,True,True,False,True,False,True,True,False,False,True,False,False,False,False,False,True,False,True,False,False,False,False,False,True,False,False,6234-PFPXL,0,1,0.5607025084896077,Medium Risk,1,0.466751510966792
0,40,20.6,827.3,False,False,False,True,False,False,False,True,True,False,True,False,True,False,True,False,True,False,True,False,False,True,True,False,False,False,7205-BAIAD,0,0,0.03532513402784368,Low Risk,0,0.002705390381725513
0,23,74.95,1710.45,True,False,False,True,False,True,True,False,False,False,False,False,False,False,False,False,False,False,False,False,False,False,True,False,True,False,3858-VOBET,1,1,0.8029388030342755,High Risk,1,0.7073967976982504
0,1,45.95,45.95,False,False,True,True,False,False,False,False,False,False,False,False,False,False,False,False,False,False,False,False,False,False,False,False,False,True,5103-MHMHY,1,1,0.5231762274508843,Medium Risk,1,0.6993447846383348
0,46,38.25,1755.35,True,False,False,False,True,False,False,False,False,True,False,False,False,True,False,True,False,False,False,False,False,True,False,False,False,True,6119-SPUDB,0,0,0.04533161310307033,Low Risk,0,0.044129082136978304
0,5,69.95,320.4,False,True,True,True,False,False,True,False,False,False,False,False,False,False,False,False,False,False,False,False,False,False,False,True,False,False,9389-ACWBI,0,1,0.6757847466572999,High Risk,1,0.6227970081580767
1,68,20.0,1396.0,True,False,False,True,False,False,False,True,True,False,True,False,True,False,True,False,True,False,True,False,False,True,True,True,False,False,3454-JFUBC,0,0,0.01352753065890946,Low Risk,0,0.00048781640383697283
1,1,25.2,25.2,False,False,False,False,True,False,False,False,False,False,False,False,False,False,False,False,False,False,False,False,False,False,True,False,True,False,1768-ZAIFU,1,1,0.8460107771516359,High Risk,1,0.8687430313357646
0,2,20.1,43.15,False,True,False,True,False,False,False,True,True,False,True,False,True,False,True,False,True,False,True,False,False,False,False,False,False,False,7017-VFULY,0,0,0.36492093458284847,Medium Risk,0,0.2297377953572229
1,14,104.85,1531.4,False,False,False,True,False,True,True,False,False,False,False,True,False,True,False,False,False,True,False,True,False,False,True,False,True,False,9221-OTIVJ,1,1,0.8964276042772369,High Risk,1,0.8338194543080089
0,10,70.0,740.0,True,False,False,True,False,False,True,False,False,False,False,False,False,False,False,False,False,False,False,False,False,False,True,False,True,False,2482-CZGBB,1,1,0.8278358402127611,High Risk,1,0.7750051463865527
0,13,78.3,1033.95,True,False,True,True,False,False,True,False,False,False,False,False,False,False,False,False,False,True,False,False,False,False,True,True,False,False,7018-WBJNK,0,1,0.7567948972772429,High Risk,1,0.6186542743098268
0,34,109.8,3587.25,False,False,False,True,False,True,True,False,False,True,False,True,False,True,False,False,False,True,False,True,False,False,True,False,False,True,3331-HQDTW,1,1,0.6755135639671163,High Risk,1,0.4227895102879354
0,18,57.45,990.85,True,True,True,True,False,False,False,False,False,False,False,False,False,True,False,False,False,False,False,True,False,False,False,False,True,False,4695-VADHF,1,1,0.5524720743191034,Medium Risk,1,0.40796834102520296
0,71,19.7,1301.1,True,True,True,True,False,False,False,True,True,False,True,False,True,False,True,False,True,False,True,False,False,True,False,True,False,False,4086-WITJG,0,0,0.005819100334511884,Low Risk,0,0.0016786240982012706
0,70,110.5,7752.05,False,True,False,True,False,True,True,False,False,False,False,True,False,True,False,True,False,True,False,True,False,True,True,False,True,False,6297-NOOPG,0,0,0.2490098744478189,Low Risk,0,0.14358189201710667
0,52,64.3,3410.6,False,True,False,True,False,False,False,False,False,True,False,False,False,True,False,False,False,True,False,False,True,False,True,False,False,True,8777-PVYGU,0,0,0.12710415054785285,Low Risk,0,0.06694546610190046
0,68,105.25,7173.15,True,True,True,True,False,False,True,False,False,True,False,True,False,True,False,False,False,True,False,True,False,True,True,False,False,False,4378-MYPGO,0,0,0.11656888784792624,Low Risk,0,0.13408726482960676
0,38,19.6,717.3,True,True,True,True,False,False,False,True,True,False,True,False,True,False,True,False,True,False,True,False,False,False,False,False,True,False,9313-CDOGY,0,0,0.1332096103524517,Low Risk,0,0.03833944175219235
0,58,24.5,1497.9,False,True,True,True,False,True,False,True,True,False,True,False,True,False,True,False,True,False,True,False,True,False,True,True,False,False,4121-AGSIN,0,0,0.037935821741462684,Low Risk,0,0.0279530836577105
0,3,90.7,237.65,True,False,False,True,False,False,True,False,False,False,False,False,False,False,False,False,False,True,False,True,False,False,False,False,False,True,0432-CAJZV,0,1,0.8239499519208066,High Risk,1,0.7818859924713982
0,14,48.8,664.4,True,True,False,True,False,False,False,False,False,False,False,False,False,False,False,True,False,False,False,False,False,False,False,False,False,False,9097-ZUBYC,0,0,0.3920649485167589,Medium Risk,0,0.3697692732167739
0,2,24.9,49.7,True,False,False,False,True,False,False,False,False,False,False,False,False,False,False,False,False,False,False,False,False,False,True,True,False,False,9638-JIQYA,0,1,0.7595142596626424,High Risk,1,0.7096318037970911
0,1,24.8,24.8,False,True,False,False,True,False,False,False,False,False,False,False,False,False,False,False,False,False,False,False,False,False,True,False,True,False,1024-GUALD,1,1,0.8294218035163717,High Risk,1,0.7705523950939703
1,72,107.4,7748.75,False,False,False,True,False,True,True,False,False,True,False,True,False,True,False,True,False,False,False,True,False,True,True,False,False,False,8024-XNAFQ,0,0,0.10250566621266972,Low Risk,0,0.06774413372729078
0,3,43.3,123.65,True,False,False,True,False,False,False,False,False,False,False,False,False,False,False,False,False,False,False,False,False,False,True,False,True,False,7587-RZNME,1,1,0.7413908211057703,High Risk,1,0.7628248098108346
0,13,80.0,1029.35,False,False,False,True,False,True,True,False,False,True,False,False,False,False,False,False,False,False,False,False,False,False,True,True,False,False,1346-UFHAX,0,1,0.7040411377685271,High Risk,1,0.576317515089415
1,72,104.1,7447.7,True,True,True,True,False,False,True,False,False,True,False,False,False,True,False,True,False,True,False,True,False,True,True,True,False,False,6374-NTQLP,0,0,0.10371664902676513,Low Risk,0,0.08501855378657779
0,58,20.75,1185.95,True,True,False,True,False,False,False,True,True,False,True,False,True,False,True,False,True,False,True,False,False,True,False,False,False,True,6625-FLENO,0,0,0.01324773038714321,Low Risk,0,0.01670964199959944
1,71,95.5,6707.15,True,True,False,True,False,False,True,False,False,False,False,True,False,True,False,True,False,False,False,True,False,True,True,True,False,False,7375-WMVMT,0,0,0.11520748947984995,Low Risk,0,0.10103961895298363
0,1,76.35,76.35,False,False,False,True,False,False,True,False,False,False,False,False,False,True,False,False,False,False,False,False,False,False,False,False,True,False,6910-HADCM,1,1,0.8001276857093341,High Risk,1,0.8704243969976481
0,54,91.3,4965.0,False,True,True,True,False,True,False,False,False,True,False,True,False,True,False,True,False,True,False,True,False,True,False,True,False,False,7401-JIXNM,0,0,0.04158091371952554,Low Risk,0,0.04058205548081858
0,39,45.05,1790.6,True,False,True,False,True,False,False,False,False,True,False,False,False,False,False,True,False,True,False,False,True,False,False,False,False,False,7338-ERIVA,0,0,0.11144028236087893,Low Risk,0,0.07761357681322274
0,1,70.6,70.6,False,False,False,True,False,False,True,False,False,False,False,False,False,False,False,False,False,False,False,False,False,False,True,False,True,False,5376-DEQCP,1,1,0.8576943108969706,High Risk,1,0.8988344408918991
0,61,80.8,4860.85,True,True,False,True,False,True,False,False,False,True,False,True,False,True,False,True,False,False,False,True,False,True,True,False,False,False,0909-SELIE,0,0,0.04367388622746922,Low Risk,0,0.03061411745698793
0,25,89.15,2257.75,False,True,True,True,False,False,True,False,False,False,False,True,False,True,False,False,False,True,False,False,False,False,True,False,False,False,5419-KLXBN,1,1,0.6405248095232089,High Risk,1,0.5620507258607321
0,37,91.2,3382.3,False,False,False,True,False,True,True,False,False,True,False,True,False,True,False,False,False,False,False,False,False,False,False,False,False,False,0365-TRTPY,0,1,0.4145780362107632,Medium Risk,0,0.3573873305924798
1,26,91.25,2351.8,False,False,False,True,False,False,True,False,False,False,False,False,False,False,False,False,False,True,False,True,False,False,True,False,True,False,6712-OAWRH,1,1,0.8457692021929863,High Risk,1,0.7274741708744719
0,10,19.75,208.25,True,False,False,True,False,False,False,True,True,False,True,False,True,False,True,False,True,False,True,False,False,False,False,True,False,False,2428-ZMCTB,0,0,0.29585893902070387,Low Risk,0,0.14316325724926807
0,1,20.4,20.4,False,False,False,True,False,False,False,True,True,False,True,False,True,False,True,False,True,False,True,False,False,False,False,False,False,True,1963-VAUKV,1,0,0.38033515409866675,Medium Risk,1,0.4241668721896003
1,24,40.65,933.3,False,True,False,False,True,False,False,False,False,False,False,False,False,True,False,False,False,False,False,True,False,False,True,True,False,False,9381-NDKME,1,1,0.6493335457486522,High Risk,1,0.44654624204660726
1,65,110.35,7246.15,True,False,False,True,False,True,True,False,False,True,False,False,False,True,False,True,False,True,False,True,False,True,True,False,True,False,3729-OWRVL,0,0,0.25619466284329107,Low Risk,0,0.3254377606380095
0,23,64.9,1509.8,True,False,False,True,False,False,False,False,False,False,False,False,False,False,False,False,False,True,False,True,True,False,True,False,False,False,0895-LMRSF,0,1,0.4222192704014923,Medium Risk,0,0.24281418287782144
0,49,66.15,3199.0,True,False,False,True,False,True,False,False,False,False,False,False,False,False,False,True,False,True,False,False,False,True,True,False,False,False,2676-SSLTO,0,0,0.0915959238696984,Low Risk,0,0.05156801538165369
1,42,55.65,2421.75,False,False,False,True,False,True,False,False,False,False,False,False,False,True,False,False,False,False,False,False,False,False,False,False,True,False,8495-PRWFH,0,1,0.4032915360779615,Medium Risk,0,0.27096309160541143
0,8,20.85,161.65,False,False,False,True,False,False,False,True,True,False,True,False,True,False,True,False,True,False,True,False,False,True,False,False,False,True,9030-QGZNL,0,0,0.09566716201359178,Low Risk,0,0.05102478996085622
0,28,54.65,1517.5,False,False,False,True,False,False,False,False,False,False,False,True,False,False,False,True,False,False,False,False,False,False,False,False,False,False,9972-NKTFD,0,0,0.2396534391762648,Low Risk,0,0.1913146529487171
0,71,80.6,5708.2,True,False,False,True,False,True,False,False,False,True,False,True,False,True,False,True,False,False,False,True,False,True,False,False,False,False,7998-WNZEM,0,0,0.023657723237790074,Low Risk,0,0.012757112487702763
0,69,99.45,7007.6,True,True,True,True,False,True,True,False,False,False,False,False,False,True,False,False,False,True,False,True,False,False,True,True,False,False,0979-PHULV,1,1,0.5470502331509828,Medium Risk,1,0.43854575538000595
0,68,114.7,7849.85,True,True,True,True,False,True,True,False,False,True,False,True,False,True,False,True,False,True,False,True,False,True,True,False,False,False,6445-TNRXS,0,0,0.12063768522342694,Low Risk,0,0.10977097041310839
0,64,105.4,6794.75,False,True,False,True,False,True,True,False,False,False,False,True,False,False,False,True,False,True,False,True,False,True,True,False,False,False,9586-JGQKH,0,0,0.20209009886655657,Low Risk,0,0.14940426800659615
1,3,75.05,202.9,False,False,False,True,False,False,True,False,False,False,False,False,False,True,False,False,False,False,False,False,False,False,False,False,False,True,3966-HRMZA,0,1,0.7630766611144587,High Risk,1,0.7563634334358426
0,66,49.4,3251.85,False,True,True,True,False,False,False,False,False,False,False,False,False,False,False,True,False,False,False,False,True,False,True,True,False,False,5498-IBWPI,0,0,0.04742289814619909,Low Risk,0,0.10947624010333357
0,28,18.25,534.7,True,False,False,True,False,False,False,True,True,False,True,False,True,False,True,False,True,False,True,False,True,False,False,True,False,False,6823-SIDFQ,0,0,0.08964496544240952,Low Risk,0,0.0038269908679032217
0,67,111.05,7321.05,True,True,False,True,False,False,True,False,False,True,False,True,False,True,False,True,False,True,False,True,False,True,True,False,True,False,2323-ARSVR,0,0,0.15427919548928393,Low Risk,0,0.1399273060399069
0,46,19.6,851.2,True,True,False,True,False,False,False,True,True,False,True,False,True,False,True,False,True,False,True,False,False,False,False,False,True,False,5468-BPMMO,0,0,0.12052702158594703,Low Risk,0,0.05752566472138688
0,55,96.75,5238.9,True,True,False,True,False,True,True,False,False,True,False,True,False,False,False,False,False,True,False,False,False,False,True,False,True,False,0486-HECZI,1,1,0.5595211863363027,Medium Risk,1,0.47180956200080404
0,22,69.7,1490.4,True,False,False,True,False,False,True,False,False,False,False,False,False,False,False,False,False,False,False,False,False,False,True,False,False,True,2178-PMGCJ,0,1,0.6964557413533555,High Risk,1,0.5426062077024464
0,18,87.9,1500.5,True,True,True,True,False,False,True,False,False,True,False,False,False,True,False,False,False,True,False,False,False,False,True,False,False,True,4660-IRIBM,0,1,0.6478665315165162,High Risk,1,0.5596676459988739
0,46,40.4,1842.7,True,True,False,False,True,False,False,False,False,True,False,False,False,True,False,True,False,False,False,False,False,True,False,True,False,False,9674-EHPPG,0,0,0.04155530227257481,Low Risk,0,0.06379642020072662
0,10,78.15,765.15,False,True,False,True,False,True,True,False,False,True,False,False,False,False,False,False,False,False,False,False,False,False,True,True,False,False,5606-AMZBO,0,1,0.7372273702232746,High Risk,1,0.67485765219998
0,72,99.4,7285.7,True,True,False,True,False,True,True,False,False,False,False,True,False,False,False,False,False,True,False,True,False,True,True,False,True,False,0665-XHDJU,0,0,0.3059867157967443,Medium Risk,0,0.24722653148813406
0,16,55.3,875.35,True,False,False,True,False,True,False,False,False,False,False,True,False,False,False,False,False,False,False,False,False,False,False,False,True,False,5402-HTOTQ,0,1,0.56763196658694,Medium Risk,1,0.46163928806598664
1,3,77.0,237.75,True,False,False,True,False,True,True,False,False,False,False,False,False,False,False,False,False,False,False,False,False,False,True,False,True,False,8258-GSTJK,1,1,0.8919048668203113,High Risk,1,0.8926259373547204
0,21,26.05,565.75,True,True,True,False,True,False,False,False,False,False,False,False,False,False,False,False,False,False,False,False,False,False,True,False,True,False,3787-TRIAL,0,1,0.6274421430153635,High Risk,1,0.48195770679602246
0,5,78.75,426.35,True,False,False,True,False,False,True,False,False,False,False,False,False,False,False,False,False,False,False,True,False,False,False,False,False,True,6175-IRFIT,0,1,0.7924603579403221,High Risk,1,0.7486045265336471
0,1,29.95,29.95,False,False,False,False,True,False,False,False,False,False,False,True,False,False,False,False,False,False,False,False,False,False,False,False,False,False,6317-YPKDH,1,1,0.659445420295091,High Risk,1,0.608148917393586
0,1,45.4,45.4,False,False,False,True,False,False,False,False,False,False,False,False,False,False,False,False,False,False,False,False,False,False,True,False,False,True,5692-FPTAH,1,1,0.6631477242470554,High Risk,1,0.7299044835946781
1,36,85.25,3132.75,True,True,False,True,False,True,True,False,False,False,False,False,False,False,False,False,False,False,False,True,False,False,True,True,False,False,5373-SFODM,1,1,0.7502790616365788,High Risk,1,0.6224708427140977
0,64,104.05,6605.55,True,True,False,True,False,False,True,False,False,True,False,True,False,False,False,True,False,True,False,True,False,True,True,True,False,False,0868-VJRDR,0,0,0.11960638629628784,Low Risk,0,0.14613105189738604
1,30,74.85,2181.75,True,True,False,True,False,True,False,False,False,False,False,False,False,True,False,False,False,True,False,True,False,True,False,False,True,False,4079-VTGLK,0,0,0.31193333606111306,Medium Risk,0,0.1581684447705687
0,72,19.55,1463.45,False,True,True,True,False,False,False,True,True,False,True,False,True,False,True,False,True,False,True,False,False,True,False,False,False,False,1166-PQLGG,0,0,0.005602252558649021,Low Risk,0,0.011816457032680656
0,46,20.1,936.85,True,True,True,True,False,False,False,True,True,False,True,False,True,False,True,False,True,False,True,False,False,True,True,False,False,True,5296-BFCYD,0,0,0.024697133185470264,Low Risk,0,0.005295303119837469
0,45,95.2,4285.8,False,True,False,True,False,False,True,False,False,False,False,False,False,False,False,True,False,True,False,True,False,True,True,True,False,False,6568-POCUI,0,0,0.2532328437733783,Low Risk,0,0.13910157249753224
0,2,20.65,38.7,False,False,False,True,False,False,False,True,True,False,True,False,True,False,True,False,True,False,True,False,False,False,False,False,False,True,2839-RFSQE,1,0,0.3683052055503279,Medium Risk,0,0.1834845609719651
0,34,55.0,1885.15,False,False,False,True,False,False,False,False,False,True,False,True,False,False,False,False,False,False,False,False,True,False,False,False,False,True,2188-SXWVT,0,0,0.10750919932752859,Low Risk,0,0.09948864527529626
0,54,106.55,5763.3,False,True,False,True,False,True,True,False,False,True,False,True,False,False,False,False,False,True,False,True,True,False,False,False,False,False,8849-GYOKR,1,0,0.29896932987260455,Low Risk,0,0.37471260302784704
0,21,19.95,416.4,True,False,False,True,False,False,False,True,True,False,True,False,True,False,True,False,True,False,True,False,False,False,True,False,False,True,3623-FQBOX,0,0,0.27789573136895784,Low Risk,0,0.07232567710066563
0,65,76.15,4929.55,True,True,False,True,False,True,False,False,False,True,False,False,False,True,False,True,False,False,False,True,False,True,False,False,False,False,2649-HWLYB,0,0,0.031005057596716082,Low Risk,0,0.07591277750368629
0,20,69.8,1540.35,False,True,False,True,False,False,True,False,False,False,False,False,False,False,False,False,False,False,False,False,False,False,True,False,False,False,0599-XNYDO,0,1,0.7035501929052721,High Risk,1,0.603905324673623
0,1,79.5,79.5,True,False,False,True,False,False,True,False,False,False,False,False,False,False,False,False,False,True,False,False,False,False,True,False,True,False,2514-GINMM,1,1,0.8894267149667388,High Risk,1,0.9259486646011212
0,42,69.4,3058.3,True,True,True,True,False,True,False,False,False,True,False,True,False,False,False,False,False,True,False,False,False,False,True,False,False,False,8401-EMUWF,0,0,0.28160654022171894,Low Risk,0,0.15322116071875727
0,1,19.4,19.4,True,False,False,True,False,False,False,True,True,False,True,False,True,False,True,False,True,False,True,False,False,False,False,False,False,True,5766-ZJYBB,1,0,0.3960937514559744,Medium Risk,1,0.40874938895014934
0,20,96.55,1901.65,False,True,False,True,False,False,True,False,False,True,False,True,False,False,False,True,False,True,False,False,False,False,True,False,True,False,2604-IJPDU,0,1,0.6343711283939644,High Risk,1,0.6764100061347057
0,11,70.2,760.05,True,False,False,True,False,False,True,False,False,False,False,False,False,False,False,False,False,False,False,False,False,False,False,False,True,False,2501-XWWTZ,0,1,0.76598027926662,High Risk,1,0.6771409871918288
0,61,25.3,1554.9,False,True,False,True,False,True,False,True,True,False,True,False,True,False,True,False,True,False,True,False,False,True,False,False,False,False,6370-ZVHDV,0,0,0.01467544998083021,Low Risk,0,0.009017977605032236
0,64,25.0,1584.8,False,True,False,True,False,True,False,True,True,False,True,False,True,False,True,False,True,False,True,False,False,True,False,True,False,False,3027-YNWZU,0,0,0.012975341592172396,Low Risk,0,0.004698863017950578
1,25,88.4,2191.15,False,True,False,True,False,False,True,False,False,False,False,True,False,True,False,False,False,False,False,True,False,False,False,False,False,False,4526-ZJJTM,0,1,0.6601853471531094,High Risk,1,0.5200465987760935
0,44,50.15,2139.1,False,False,False,True,False,True,False,False,False,False,False,False,False,False,False,False,False,False,False,False,False,False,True,False,False,True,0440-QEXBZ,0,0,0.34422781327032226,Medium Risk,0,0.22380685496687372
0,5,69.95,330.15,False,True,False,True,False,False,True,False,False,False,False,False,False,False,False,False,False,False,False,False,False,False,False,False,True,False,0330-IVZHA,1,1,0.7971666417596555,High Risk,1,0.7518942399842824
1,48,29.9,1388.75,False,True,True,False,True,False,False,False,False,False,False,True,False,False,False,False,False,False,False,False,True,False,False,False,False,False,9758-MFWGD,0,0,0.1155420732293634,Low Risk,0,0.3487552051585298
0,6,74.9,469.8,True,False,False,True,False,True,True,False,False,False,False,False,False,False,False,False,False,False,False,False,False,False,True,False,True,False,4229-CZMLL,1,1,0.87414051279631,High Risk,1,0.8569885390122542
0,4,50.05,179.35,True,True,False,True,False,False,False,False,False,False,False,False,False,False,False,True,False,False,False,False,False,False,False,False,False,True,0742-MOABM,1,1,0.48367099919838086,Medium Risk,1,0.49375674683128645
0,72,19.95,1322.85,True,True,True,True,False,False,False,True,True,False,True,False,True,False,True,False,True,False,True,False,False,True,False,False,False,False,4277-BWBML,0,0,0.005541133337620673,Low Risk,0,0.008153256489825175
0,54,89.4,4869.5,True,False,False,True,False,True,True,False,False,False,False,False,False,True,False,False,False,False,False,True,False,False,False,True,False,False,5136-GFPMB,0,1,0.5250767567115189,Medium Risk,1,0.43691895074869574
0,66,67.45,4508.65,False,True,True,True,False,True,False,False,False,True,False,True,False,True,False,False,False,False,False,False,False,False,True,False,False,False,7520-HQWJU,0,0,0.10400938034446254,Low Risk,0,0.1303115691183088
0,3,49.9,130.1,True,False,False,True,False,False,False,False,False,False,False,True,False,False,False,False,False,False,False,False,False,False,True,False,False,True,6304-IJFSQ,1,1,0.6195402808050058,High Risk,1,0.6613638539696515
0,19,65.35,1231.85,True,False,False,True,False,False,False,False,False,False,False,True,False,False,False,True,False,False,False,True,True,False,True,False,False,False,0297-RBCSG,0,0,0.28112811759567463,Low Risk,0,0.31942282056064253
0,61,81.0,4976.15,True,True,True,True,False,True,False,False,False,False,False,False,False,True,False,True,False,True,False,True,False,True,True,False,False,False,6013-BHCAW,0,0,0.0763194920815632,Low Risk,0,0.06705396841487885
0,54,89.8,4667.0,True,False,False,True,False,False,True,False,False,True,False,False,False,True,False,False,False,True,False,False,False,False,False,False,False,True,4402-FTBXC,0,0,0.3567505565559852,Medium Risk,0,0.3020346575780625
0,1,49.95,49.95,False,False,False,True,False,False,False,False,False,False,False,True,False,False,False,False,False,False,False,False,False,False,False,False,True,False,1471-GIQKQ,0,1,0.6325360948928335,High Risk,1,0.6650834239248284
1,19,79.85,1471.75,True,False,False,True,False,True,True,False,False,False,False,False,False,True,False,False,False,False,False,False,False,False,True,False,True,False,4283-FUTGF,1,1,0.8386522725003756,High Risk,1,0.7523305182518497
0,24,19.75,483.15,True,True,False,True,False,False,False,True,True,False,True,False,True,False,True,False,True,False,True,False,False,True,False,False,False,True,9548-LERKT,0,0,0.055313638291076175,Low Risk,0,0.016119045803164356
1,33,105.35,3465.05,False,False,True,True,False,True,True,False,False,False,False,True,False,True,False,False,False,True,False,True,False,False,True,False,False,False,8059-UDZFY,0,1,0.737224809661012,High Risk,1,0.624442356698562
0,31,83.85,2674.15,False,True,False,True,False,False,True,False,False,False,False,True,False,False,False,False,False,False,False,True,False,False,True,False,False,False,0410-IPFTY,0,1,0.6686772123271629,High Risk,1,0.5578351686592846
0,59,44.3,2666.75,True,True,False,False,True,False,False,False,False,False,False,False,False,False,False,False,False,True,False,True,False,False,True,False,True,False,2478-EEWWM,0,1,0.48540583093179224,Medium Risk,1,0.5352054196668811
1,20,91.0,1859.5,False,True,False,True,False,False,True,False,False,False,False,False,False,False,False,False,False,True,False,True,True,False,True,False,False,False,4619-EVPHY,0,1,0.6840952606775288,High Risk,1,0.41588706186572916
1,60,99.0,6017.9,True,True,False,True,False,True,True,False,False,False,False,False,False,False,False,True,False,True,False,True,False,False,True,False,True,False,2277-DJJDL,0,1,0.7094431229238575,High Risk,1,0.5249363279114448
0,18,80.55,1406.65,True,False,True,True,False,True,True,False,False,False,False,False,False,True,False,False,False,False,False,False,False,False,True,True,False,False,2911-WDXMV,0,1,0.7051467284608137,High Risk,1,0.5207352352416486
0,19,60.6,1297.8,False,False,True,True,False,False,False,False,False,True,False,True,False,True,False,False,False,False,False,False,False,False,True,False,True,False,3639-XJHKQ,0,0,0.395091007293712,Medium Risk,0,0.31176231515008596
0,24,19.7,452.55,False,True,True,True,False,False,False,True,True,False,True,False,True,False,True,False,True,False,True,False,False,True,False,False,False,True,8173-RXAYP,0,0,0.04288281567932875,Low Risk,0,0.0073641802347763335
0,9,20.25,172.35,False,True,True,True,False,False,False,True,True,False,True,False,True,False,True,False,True,False,True,False,True,False,False,False,False,True,4537-CIBHB,0,0,0.14573192271906404,Low Risk,0,0.10353218471120676
0,33,24.25,838.5,False,True,True,True,False,True,False,True,True,False,True,False,True,False,True,False,True,False,True,False,False,False,False,False,False,False,5442-BXVND,0,0,0.14186707123233827,Low Risk,0,0.1035376570672983
0,2,19.4,61.05,False,False,False,True,False,False,False,True,True,False,True,False,True,False,True,False,True,False,True,False,False,False,False,False,False,True,2308-STERM,0,0,0.3794261928718866,Medium Risk,0,0.18808507778377992
0,67,93.15,6368.2,True,True,False,True,False,True,True,False,False,False,False,True,False,True,False,False,False,False,False,True,False,True,True,False,True,False,7159-NOKYQ,0,0,0.26843699298429236,Low Risk,0,0.24100387940517037
0,52,49.75,2535.55,False,False,False,True,False,False,False,False,False,True,False,False,False,False,False,False,False,False,False,False,False,False,True,False,False,False,6075-QMNRR,0,0,0.16350808635325711,Low Risk,0,0.1679266727994202
0,5,19.65,92.05,False,False,False,True,False,False,False,True,True,False,True,False,True,False,True,False,True,False,True,False,False,False,True,True,False,False,3694-GLTJM,0,1,0.41293576174637703,Medium Risk,0,0.1721515598819539
0,1,19.4,19.4,False,True,True,True,False,False,False,True,True,False,True,False,True,False,True,False,True,False,True,False,False,False,True,False,False,True,9629-NHXFW,0,1,0.4177739485154175,Medium Risk,1,0.5046405365968338
0,67,19.8,1311.3,True,False,False,True,False,False,False,True,True,False,True,False,True,False,True,False,True,False,True,False,False,True,True,False,False,True,7167-PCEYD,0,0,0.012695491201838816,Low Risk,0,0.01886914254989713
0,63,99.9,6137.0,False,False,False,True,False,True,True,False,False,False,False,True,False,False,False,False,False,True,False,True,True,False,False,False,False,False,2748-MYRVK,1,0,0.32545094856968865,Medium Risk,0,0.3180925051982659
1,2,49.95,107.1,True,False,False,True,False,False,False,False,False,False,False,False,False,True,False,False,False,False,False,False,False,False,False,False,False,True,4223-WOZCM,0,1,0.6129781264460746,High Risk,1,0.7027651267018423
1,25,89.05,2177.45,True,True,False,True,False,True,True,False,False,True,False,False,False,False,False,False,False,False,False,True,True,False,True,False,True,False,6946-LMSQS,1,1,0.6677618357642668,High Risk,0,0.38380726083138017
0,19,19.95,373.5,True,False,False,True,False,False,False,True,True,False,True,False,True,False,True,False,True,False,True,False,False,True,True,False,False,True,5469-NUJUR,0,0,0.08976312284280126,Low Risk,0,0.049041524078391706
0,62,56.15,3487.95,True,False,True,True,False,False,False,False,False,True,False,True,False,False,False,False,False,False,False,False,True,False,False,False,False,False,6388-TABGU,0,0,0.03310780081809462,Low Risk,0,0.07396234429574078
1,23,34.65,768.45,True,False,False,False,True,False,False,False,False,False,False,False,False,False,False,False,False,False,False,True,False,False,True,False,False,False,1261-FWTTE,0,1,0.6743589735960397,High Risk,1,0.5277946200303295
0,70,64.95,4523.25,True,True,False,True,False,False,False,False,False,True,False,True,False,True,False,True,False,False,False,False,False,True,False,True,False,False,8590-YFFQO,0,0,0.012577567894208271,Low Risk,0,0.060639324082110486
0,29,94.2,2607.6,True,False,False,True,False,False,True,False,False,False,False,False,False,False,False,True,False,True,False,True,False,False,True,False,True,False,0082-OQIQY,0,1,0.7699142999631118,High Risk,1,0.6417433395806753
0,32,78.9,2447.95,True,True,False,True,False,True,True,False,False,False,False,False,False,True,False,False,False,False,False,False,False,False,True,False,True,False,9465-RWMXL,1,1,0.7584706315801388,High Risk,1,0.6807485506113884
0,31,65.25,1994.3,False,False,False,True,False,True,False,False,False,True,False,False,False,True,False,True,False,False,False,False,False,False,False,True,False,False,2930-UOTMB,1,0,0.21544215659159202,Low Risk,0,0.136012931980631
0,59,95.8,5655.45,False,False,False,True,False,False,True,False,False,False,False,False,False,True,False,False,False,True,False,True,False,True,False,False,True,False,9128-CPXKI,0,0,0.24796171276552043,Low Risk,0,0.32024172651708027
0,32,64.85,2010.95,True,False,False,True,False,False,False,False,False,False,False,False,False,False,False,False,False,True,False,True,True,False,True,False,False,False,0484-FFVBJ,0,0,0.3483627968085369,Medium Risk,0,0.2541522198496744
0,17,49.8,836.35,True,True,False,False,True,False,False,False,False,False,False,True,False,False,False,False,False,True,False,True,False,False,True,False,False,True,1100-DDVRV,0,1,0.7283419379788235,High Risk,1,0.4515509389462674
0,26,20.9,518.3,True,False,False,True,False,False,False,True,True,False,True,False,True,False,True,False,True,False,True,False,False,False,False,False,False,True,9313-QOLTZ,0,0,0.1773174460682634,Low Risk,0,0.046024014552202355
0,12,94.55,1173.55,True,False,False,True,False,True,True,False,False,False,False,False,False,False,False,False,False,True,False,True,False,False,False,False,True,False,3338-CVVEH,0,1,0.8747090639196415,High Risk,1,0.7841797480037616
0,61,98.45,6145.2,True,True,True,True,False,False,True,False,False,False,False,True,False,False,False,True,False,True,False,True,True,False,True,False,False,False,1131-SUEKT,0,0,0.26472544589286395,Low Risk,0,0.2775788039524638
0,71,19.6,1416.5,False,True,False,True,False,False,False,True,True,False,True,False,True,False,True,False,True,False,True,False,False,True,False,False,False,True,7602-DBTOU,0,0,0.007678400110021956,Low Risk,0,0.019514362612134628
0,9,20.45,147.55,False,False,False,True,False,False,False,True,True,False,True,False,True,False,True,False,True,False,True,False,False,False,True,True,False,False,1385-TQOZW,0,0,0.3648894711133785,Medium Risk,0,0.14385348762306238
1,24,104.25,2433.9,True,True,False,True,False,True,True,False,False,False,False,True,False,True,False,False,False,True,False,True,False,False,True,False,True,False,6892-XPFPU,1,1,0.8756820262291507,High Risk,1,0.8110594199443416
1,7,89.15,574.35,False,False,False,True,False,False,True,False,False,False,False,False,False,False,False,False,False,True,False,True,False,False,True,False,True,False,4115-NZRKS,0,1,0.9076562735732635,High Risk,1,0.8687001237466586
0,41,111.15,4507.15,True,False,True,True,False,False,True,False,False,True,False,True,False,True,False,True,False,True,False,True,False,True,True,False,True,False,5514-YQENT,0,0,0.2086382783986105,Low Risk,0,0.16218530430546313
0,20,90.2,1776.55,True,True,True,True,False,False,True,False,False,False,False,False,False,False,False,False,False,True,False,True,False,False,True,False,True,False,6319-IEJWJ,1,1,0.8267038655621155,High Risk,1,0.7382582773595108
0,33,91.25,2964.05,True,True,False,True,False,False,True,False,False,False,False,False,False,False,False,False,False,True,False,True,False,False,False,False,True,False,8849-AYPTR,0,1,0.7437559661376358,High Risk,1,0.5943747923689727
0,56,81.8,4534.45,True,False,False,True,False,False,False,False,False,False,False,True,False,True,False,True,False,True,False,True,False,True,True,True,False,False,5893-PYOLZ,0,0,0.07127217259798276,Low Risk,0,0.02681450728649423
0,1,74.5,74.5,True,True,True,True,False,True,True,False,False,False,False,False,False,False,False,False,False,False,False,False,False,False,True,False,True,False,7180-PISOG,1,1,0.8685914308531723,High Risk,1,0.9070201618470574
0,4,76.05,318.9,True,False,False,True,False,True,True,False,False,False,False,False,False,False,False,False,False,False,False,False,False,False,True,False,True,False,8443-ZRDBZ,1,1,0.8765549737396849,High Risk,1,0.8683463693267522
0,54,111.1,6014.85,False,False,False,True,False,True,True,False,False,False,False,True,False,True,False,True,False,True,False,True,False,False,False,False,True,False,9079-YEXQJ,1,1,0.586343339440834,Medium Risk,1,0.4259566882227001
0,8,68.55,564.35,False,True,True,True,False,False,False,False,False,False,False,False,False,False,False,True,False,True,False,True,False,False,True,False,True,False,3780-YVMFA,0,1,0.6816846842830481,High Risk,1,0.47877850401453526
0,58,45.0,2689.35,True,True,False,False,True,False,False,False,False,False,False,False,False,False,False,False,False,True,False,True,True,False,True,True,False,False,6968-MHOMU,0,0,0.23802027627965447,Low Risk,0,0.24504254265464628
0,34,100.85,3527.3,True,True,False,True,False,True,True,False,False,False,False,False,False,True,False,False,False,True,False,True,False,False,False,False,True,False,0899-LIIBW,0,1,0.7919472415523306,High Risk,1,0.6676480040746352
1,2,30.4,78.65,False,False,False,False,True,False,False,False,False,False,False,False,False,True,False,False,False,False,False,False,False,False,True,False,True,False,3677-IYRBF,1,1,0.8336921223410999,High Risk,1,0.8453532564022239
0,25,95.9,2448.75,True,False,True,True,False,False,True,False,False,False,False,True,False,False,False,False,False,True,False,True,False,False,True,False,True,False,8393-DLHGA,1,1,0.780030456798124,High Risk,1,0.6922824918788607
0,68,89.95,5974.3,False,True,False,True,False,True,True,False,False,False,False,False,False,True,False,False,False,True,False,False,False,True,True,False,False,False,7691-XVTZH,0,0,0.1840259733161192,Low Risk,0,0.20676399584947996
0,71,105.15,7555.0,False,True,False,True,False,True,True,False,False,False,False,True,False,True,False,False,False,True,False,True,False,True,True,False,False,False,5360-LJCNJ,0,0,0.22740146937060945,Low Risk,0,0.23701507592127777
0,1,59.2,59.2,False,False,True,True,False,False,False,False,False,False,False,False,False,True,False,False,False,False,False,True,False,False,False,False,True,False,3891-PUQOD,1,1,0.6677067192018414,High Risk,1,0.6581063595614325
0,13,98.15,1230.25,True,False,False,True,False,True,True,False,False,True,False,False,False,False,False,False,False,True,False,True,False,False,False,False,False,True,0952-KMEEH,1,1,0.7654052130763644,High Risk,1,0.6580274576890911
0,5,84.5,453.75,True,True,True,True,False,True,True,False,False,True,False,False,False,True,False,False,False,False,False,False,False,False,True,False,True,False,4919-IKATY,1,1,0.7870195142016454,High Risk,1,0.6792508791385952
0,22,20.85,450.65,False,False,False,True,False,False,False,True,True,False,True,False,True,False,True,False,True,False,True,False,True,False,False,False,False,False,9746-UGFAC,0,0,0.10196177854434169,Low Risk,0,0.062301561422397914
0,10,26.1,225.55,False,True,True,True,False,True,False,True,True,False,True,False,True,False,True,False,True,False,True,False,False,True,False,True,False,False,9108-EQPNQ,0,0,0.08576964671475117,Low Risk,0,0.05199057285440551
1,55,74.0,4052.4,True,True,False,True,False,True,True,False,False,False,False,False,False,False,False,False,False,False,False,False,False,False,True,False,True,False,0531-ZZJWQ,0,1,0.6476082728245234,High Risk,1,0.6059241099805642
0,27,20.55,583.3,False,True,True,True,False,False,False,True,True,False,True,False,True,False,True,False,True,False,True,False,True,False,True,False,False,True,8763-KIAFH,0,0,0.1000395111265242,Low Risk,0,0.0319964061612713
0,10,18.85,163.2,False,False,False,True,False,False,False,True,True,False,True,False,True,False,True,False,True,False,True,False,False,False,False,False,False,True,5863-OOKCL,0,0,0.3047091942241511,Medium Risk,0,0.15263447496357824
0,23,20.85,473.9,True,False,False,True,False,False,False,True,True,False,True,False,True,False,True,False,True,False,True,False,False,False,False,False,True,False,2958-NHPPS,0,0,0.2584937543997984,Low Risk,0,0.0693195532440466
0,70,84.1,5979.7,True,True,True,True,False,True,False,False,False,False,False,True,False,True,False,True,False,True,False,True,False,True,True,False,True,False,9530-GRMJG,0,0,0.08315799332789117,Low Risk,0,0.059912139811759295
0,5,46.0,221.7,False,False,True,True,False,False,False,False,False,False,False,False,False,False,False,False,False,False,False,False,False,False,False,False,False,True,1809-DMJHQ,1,1,0.48536968472918257,Medium Risk,1,0.54227346479188
0,24,19.55,470.2,False,False,False,True,False,False,False,True,True,False,True,False,True,False,True,False,True,False,True,False,False,True,True,False,False,False,0164-XAIRP,0,0,0.06914727846979805,Low Risk,0,0.027353367738150093
0,8,20.2,140.95,False,False,False,True,False,False,False,True,True,False,True,False,True,False,True,False,True,False,True,False,True,False,True,False,False,False,2926-JEJJC,0,0,0.22618370880900582,Low Risk,0,0.1222785147846501
0,19,88.8,1672.35,True,True,False,True,False,True,True,False,False,True,False,True,False,False,False,True,False,False,False,False,False,False,True,True,False,False,1169-WCVAK,0,1,0.5724917678762494,Medium Risk,1,0.42188725178525466
1,43,100.55,4304.0,True,True,False,True,False,False,True,False,False,False,False,True,False,True,False,False,False,True,False,True,True,False,True,False,False,False,1217-VASWC,0,1,0.5124213622064417,Medium Risk,1,0.4251624033866705
1,67,101.4,6841.05,True,False,False,True,False,True,True,False,False,False,False,False,False,True,False,False,False,True,False,True,False,False,True,True,False,False,2452-KDRRH,0,1,0.6333144343912791,High Risk,1,0.5749099170126813
0,4,55.3,238.5,True,False,False,True,False,False,False,False,False,False,False,False,False,False,False,False,False,False,False,True,False,False,True,False,False,True,6402-EJMWF,0,1,0.7020600534688545,High Risk,1,0.5956882257476731
0,59,113.75,6561.25,True,True,False,True,False,True,True,False,False,True,False,True,False,True,False,True,False,True,False,True,False,True,False,False,True,False,7663-CUXZB,0,0,0.18088480541022203,Low Risk,0,0.2198975037342194
0,72,25.4,1710.9,True,True,False,True,False,True,False,True,True,False,True,False,True,False,True,False,True,False,True,False,False,True,False,False,False,True,4312-KFRXN,0,0,0.009886859531133373,Low Risk,0,0.005206423897334644
0,19,20.0,377.55,True,False,True,True,False,False,False,True,True,False,True,False,True,False,True,False,True,False,True,False,False,False,True,False,True,False,3011-WQKSZ,0,0,0.32004352769703587,Medium Risk,1,0.4083146435071731
0,1,73.5,73.5,False,False,False,True,False,False,True,False,False,False,False,False,False,True,False,False,False,False,False,False,False,False,False,False,False,False,9747-DDZOS,1,1,0.7472238762780998,High Risk,1,0.8017685571551209
0,30,51.2,1561.5,False,True,True,False,True,False,False,False,False,False,False,False,False,False,False,True,False,True,False,True,False,False,False,True,False,False,2091-MJTFX,1,1,0.4108743519016673,Medium Risk,0,0.15354884418627324
0,2,74.4,139.4,False,True,False,True,False,False,True,False,False,True,False,False,False,False,False,False,False,False,False,False,False,False,True,False,True,False,0388-EOPEX,1,1,0.8017274989500193,High Risk,1,0.7254937496956796
0,60,65.85,3928.3,True,True,True,True,False,False,False,False,False,True,False,True,False,True,False,True,False,False,False,False,True,False,True,False,False,False,3161-ONRWK,0,0,0.03798759123767063,Low Risk,0,0.057309594940495735
0,44,111.5,4915.15,True,False,False,True,False,True,True,False,False,True,False,True,False,True,False,False,False,True,False,True,False,False,True,False,True,False,2587-EKXTS,0,1,0.7046084854508745,High Risk,1,0.43360714528215333
0,1,48.6,48.6,False,False,False,True,False,False,False,False,False,False,False,True,False,False,False,False,False,False,False,False,False,False,True,False,True,False,9752-ZNQUT,0,1,0.7159320965241935,High Risk,1,0.7323845069317357
0,3,29.9,92.25,True,True,False,False,True,False,False,False,False,False,False,False,False,False,False,True,False,False,False,False,False,False,True,False,True,False,9572-WUKSB,0,1,0.7638683089857514,High Risk,1,0.6233273207488431
1,71,24.85,1901.0,True,True,False,True,False,True,False,True,True,False,True,False,True,False,True,False,True,False,True,False,False,True,False,False,False,False,3836-FZSDJ,0,0,0.012133076765070637,Low Risk,0,0.0038606453231660766
0,2,49.2,103.7,False,False,False,True,False,False,False,False,False,False,False,True,False,False,False,False,False,False,False,False,False,False,False,False,False,True,8805-JNRAZ,0,1,0.5461185123604547,Medium Risk,1,0.5979080078857767
0,1,25.85,25.85,False,False,False,False,True,False,False,False,False,False,False,False,False,False,False,False,False,False,False,False,True,False,False,False,False,True,3069-SSVSN,0,1,0.528367336447265,Medium Risk,1,0.5617800400053369
0,72,115.5,8425.15,False,True,True,True,False,True,True,False,False,True,False,True,False,True,False,True,False,True,False,True,False,True,True,False,True,False,8015-IHCGW,0,0,0.15300729707873975,Low Risk,0,0.02917138056920294
0,6,85.95,514.6,False,False,False,True,False,False,True,False,False,False,False,True,False,False,False,False,False,False,False,True,False,False,True,False,False,True,8132-YPVBX,0,1,0.798301295707172,High Risk,1,0.8080644179401473
0,1,85.55,85.55,False,False,False,True,False,False,True,False,False,False,False,False,False,True,False,False,False,True,False,False,False,False,True,True,False,False,0235-KGSLC,1,1,0.8273403774052762,High Risk,1,0.8093074472676435
1,20,89.95,1648.45,True,False,False,True,False,False,True,False,False,False,False,False,False,False,False,False,False,True,False,True,False,False,False,False,True,False,1302-UHBDD,0,1,0.8284819591638068,High Risk,1,0.6662366195808149
0,1,88.35,88.35,True,False,False,True,False,False,True,False,False,False,False,False,False,False,False,False,False,True,False,True,False,False,True,False,True,False,3722-WPXTK,1,1,0.9144652292994425,High Risk,1,0.9151908542314035
0,12,20.05,265.45,True,False,False,True,False,False,False,True,True,False,True,False,True,False,True,False,True,False,True,False,False,False,False,True,False,False,7531-GQHME,0,0,0.27715084437387727,Low Risk,0,0.14037993298021506
0,9,24.95,190.25,True,False,False,False,True,False,False,False,False,False,False,False,False,False,False,False,False,False,False,False,False,False,True,False,True,False,1335-NTIUC,0,1,0.7777977744375002,High Risk,1,0.6838294817635321
0,12,20.1,223.6,False,False,False,True,False,False,False,True,True,False,True,False,True,False,True,False,True,False,True,False,False,False,False,False,False,True,9367-TCUYN,0,0,0.2792142272557639,Low Risk,0,0.17726588194626616
0,1,49.9,49.9,False,False,False,True,False,False,False,False,False,False,False,False,False,False,False,True,False,False,False,False,False,False,True,False,True,False,1536-HBSWP,0,1,0.6651988139932066,High Risk,1,0.6804145969647319
0,17,19.65,351.55,True,False,False,True,False,False,False,True,True,False,True,False,True,False,True,False,True,False,True,False,True,False,True,False,False,False,8573-JGCZW,0,0,0.17444799993940904,Low Risk,0,0.06568650707215412
0,12,79.55,958.25,False,False,False,True,False,True,True,False,False,False,False,False,False,False,False,True,False,False,False,False,False,False,True,True,False,False,2694-CIUMO,0,1,0.7274708054321614,High Risk,1,0.6554720858432014
0,12,106.7,1253.9,True,False,False,True,False,True,True,False,False,False,False,True,False,True,False,False,False,True,False,True,False,False,True,False,True,False,2027-FECZV,1,1,0.8817186762547838,High Risk,1,0.8134533457399168
0,15,55.7,899.8,False,False,False,True,False,True,False,False,False,True,False,False,False,False,False,False,False,False,False,False,False,False,True,False,False,True,9103-TCIHJ,1,1,0.5007841417666113,Medium Risk,0,0.3702108877904731
0,71,99.0,6994.6,True,True,False,True,False,True,True,False,False,True,False,True,False,True,False,False,False,True,False,False,False,True,True,False,True,False,1545-JFUML,0,0,0.1768038391471788,Low Risk,0,0.08900049197873686
0,30,85.0,2624.25,False,True,False,True,False,True,True,False,False,False,False,False,False,False,False,False,False,False,False,True,False,False,True,False,True,False,0524-IAVZO,1,1,0.8172068833083768,High Risk,1,0.7347787627646363
0,33,20.15,682.15,True,False,True,True,False,False,False,True,True,False,True,False,True,False,True,False,True,False,True,False,True,False,True,False,False,True,5519-TEEUH,0,0,0.08111266973992175,Low Risk,0,0.024298763673755157
0,1,19.9,19.9,False,False,False,True,False,False,False,True,True,False,True,False,True,False,True,False,True,False,True,False,False,False,False,False,False,True,6654-QGBZZ,0,0,0.3843525832892149,Medium Risk,1,0.5530471235375067
0,62,70.45,4300.45,False,True,True,True,False,True,False,False,False,False,False,False,False,False,False,False,False,True,False,True,False,False,True,True,False,False,2294-DMMUS,0,0,0.3004805778409027,Medium Risk,0,0.1896709839519216
0,72,116.8,8456.75,False,True,True,True,False,True,True,False,False,True,False,True,False,True,False,True,False,True,False,True,False,True,True,True,False,False,0017-IUDMW,0,0,0.10426991216876608,Low Risk,0,0.017484184858727624
0,30,66.3,1923.5,False,True,True,True,False,False,False,False,False,True,False,False,False,False,False,True,False,False,False,True,False,False,False,False,False,False,5018-LXQQG,0,0,0.18995145073417147,Low Risk,0,0.12002031268635667
0,3,20.55,57.4,False,False,True,True,False,False,False,True,True,False,True,False,True,False,True,False,True,False,True,False,True,False,True,True,False,False,5808-TOTXO,0,0,0.22128435099482685,Low Risk,0,0.08885901282435549
0,28,90.45,2509.25,False,True,True,True,False,True,True,False,False,False,False,False,False,False,False,True,False,False,False,True,True,False,True,False,True,False,1174-FGIFN,0,1,0.5578152669943319,Medium Risk,1,0.4263324423464352
0,30,94.3,2679.7,True,False,False,True,False,True,True,False,False,True,False,True,False,False,False,False,False,False,False,True,False,False,True,True,False,False,0730-KOAVE,0,1,0.635831903820032,High Risk,1,0.5618171915430857
0,12,19.0,233.55,False,True,True,True,False,False,False,True,True,False,True,False,True,False,True,False,True,False,True,False,False,False,False,False,False,True,1218-VKFPE,1,0,0.24568706796329842,Low Risk,0,0.10119197990175051
0,51,24.6,1266.4,True,False,False,True,False,True,False,True,True,False,True,False,True,False,True,False,True,False,True,False,True,False,True,False,False,False,5313-FPXWG,0,0,0.06227663780388005,Low Risk,0,0.05148080533277419
0,15,45.9,693.45,False,False,False,False,True,False,False,False,False,True,False,True,False,True,False,True,False,False,False,False,True,False,False,False,False,True,2834-JKOOW,0,0,0.19836182248784634,Low Risk,0,0.15900543675833223
0,72,25.1,1790.8,True,True,True,True,False,True,False,True,True,False,True,False,True,False,True,False,True,False,True,False,False,True,True,True,False,False,9430-NKQLY,0,0,0.010688430962812636,Low Risk,0,0.020618582328474997
0,32,108.15,3432.9,True,False,False,True,False,True,True,False,False,True,False,True,False,False,False,True,False,True,False,True,False,False,True,True,False,False,0363-QJVFX,1,1,0.6275507318028231,High Risk,1,0.4451962439989518
1,6,74.1,450.9,False,False,False,True,False,False,True,False,False,True,False,False,False,False,False,False,False,False,False,False,False,False,True,False,True,False,1658-TJVOA,0,1,0.8056785582488185,High Risk,1,0.7136358896203504
0,63,70.8,4448.8,True,True,False,True,False,False,False,False,False,True,False,True,False,False,False,True,False,True,False,False,True,False,False,True,False,False,6685-GBWJZ,0,0,0.04309555127064747,Low Risk,0,0.09026186653980997
1,11,95.15,997.65,False,False,False,True,False,True,True,False,False,False,False,False,False,False,False,False,False,True,False,True,False,False,True,False,False,False,6328-ZPBGN,1,1,0.8795502515553418,High Risk,1,0.888425754933969
0,19,61.55,1093.2,True,False,False,True,False,False,False,False,False,False,False,False,False,False,False,True,False,True,False,False,False,False,True,True,False,False,4003-FUSHP,0,1,0.46446543471635926,Medium Risk,1,0.4003213491094082
0,64,73.05,4688.65,True,True,True,True,False,False,False,False,False,True,False,False,False,True,False,False,False,True,False,True,True,False,True,True,False,False,7690-KPNCU,0,0,0.10133815801769167,Low Risk,0,0.19289175114136003
0,7,69.45,477.05,False,True,True,True,False,False,False,False,False,True,False,True,False,True,False,False,False,True,False,False,True,False,False,False,True,False,2969-WGHQO,0,0,0.30323386723573387,Medium Risk,0,0.23685878824708526
1,4,20.05,91.45,False,False,False,True,False,False,False,True,True,False,True,False,True,False,True,False,True,False,True,False,False,False,False,False,False,True,1855-CFULU,0,0,0.38982589746035984,Medium Risk,0,0.2515505231003095
0,7,19.95,147.5,True,False,False,True,False,False,False,True,True,False,True,False,True,False,True,False,True,False,True,False,False,False,True,False,False,True,9788-YTFGE,0,1,0.4113793470767939,Medium Risk,0,0.15731364155952696
0,4,90.4,356.65,True,False,False,True,False,False,True,False,False,False,False,False,False,True,False,True,False,False,False,True,False,False,True,False,True,False,8266-VBFQL,0,1,0.8309485994945047,High Risk,1,0.7904071099352137
0,3,74.55,233.65,False,False,False,True,False,False,True,False,False,True,False,False,False,False,False,False,False,False,False,False,False,False,True,False,True,False,2325-NBPZG,0,1,0.793771769884819,High Risk,1,0.7482165345391254
1,65,53.5,3517.9,False,False,False,False,True,False,False,False,False,False,False,True,False,True,False,False,False,True,False,True,False,True,True,False,False,False,9906-NHHVC,0,0,0.11034263212551987,Low Risk,0,0.12713571931745754
0,42,63.7,2763.35,True,True,True,True,False,False,False,False,False,True,False,False,False,False,False,True,False,False,False,True,True,False,False,True,False,False,2541-YGPKE,0,0,0.0798598298263916,Low Risk,0,0.1762980226105501
0,26,75.0,1908.35,True,False,False,True,False,False,False,False,False,True,False,False,False,False,False,True,False,True,False,True,True,False,False,False,False,False,5049-MUBWG,0,0,0.18375232760751342,Low Risk,0,0.14574415317827746
0,48,25.05,1171.5,False,False,False,True,False,True,False,True,True,False,True,False,True,False,True,False,True,False,True,False,True,False,False,True,False,False,2332-TODQS,0,0,0.04850522767262848,Low Risk,0,0.047234067562039954
0,69,99.35,6856.45,True,True,True,True,False,True,True,False,False,False,False,False,False,False,False,True,False,True,False,True,False,True,True,False,True,False,4419-UJMUS,0,0,0.23291170158310723,Low Risk,0,0.1857924002895364
0,17,44.45,792.15,True,True,True,False,True,False,False,False,False,True,False,False,False,True,False,False,False,True,False,False,True,False,False,True,False,False,2233-TXSIU,0,0,0.2858603740165681,Low Risk,0,0.18101286602495711
0,1,21.0,21.0,False,True,True,True,False,False,False,True,True,False,True,False,True,False,True,False,True,False,True,False,False,False,True,False,True,False,6770-XUAGN,1,1,0.49052703542827686,Medium Risk,0,0.35276019194258484
0,4,76.65,333.6,False,False,False,True,False,False,True,False,False,False,False,True,False,False,False,False,False,False,False,False,False,False,True,False,False,False,2919-HBCJO,1,1,0.7524781336962653,High Risk,1,0.7940142999794234
1,34,96.35,3190.25,False,False,False,True,False,True,True,False,False,False,False,True,False,False,False,True,False,True,False,False,False,False,True,False,True,False,9508-ILZDG,0,1,0.7255600252570701,High Risk,1,0.6584371589653039
0,2,70.35,139.25,False,False,False,True,False,False,True,False,False,False,False,False,False,False,False,False,False,False,False,False,False,False,False,False,True,False,5442-BHQNG,0,1,0.8080387957055515,High Risk,1,0.826238271360952
0,1,50.45,50.45,False,True,True,True,False,False,False,False,False,False,False,False,False,True,False,False,False,False,False,False,False,False,False,False,False,True,7250-EQKIY,1,1,0.5197018439403603,Medium Risk,1,0.6915203493056391
0,12,20.3,246.7,False,False,False,True,False,False,False,True,True,False,True,False,True,False,True,False,True,False,True,False,False,False,False,False,False,True,6838-HVLXG,0,0,0.2788175254911612,Low Risk,0,0.1519465598583772
0,38,69.5,2625.25,True,False,False,True,False,False,True,False,False,False,False,False,False,False,False,False,False,False,False,False,False,False,True,True,False,False,9767-FFLEM,0,1,0.5687897416146075,Medium Risk,1,0.4942255116389605
0,31,80.55,2471.6,False,True,True,True,False,True,False,False,False,False,False,True,False,False,False,True,False,True,False,True,False,True,False,False,False,False,2245-ADZFJ,0,0,0.11022534795081526,Low Risk,0,0.061037050082018686
0,67,108.75,7156.2,False,True,True,True,False,True,True,False,False,True,False,False,False,True,False,True,False,True,False,True,False,True,True,True,False,False,1150-WFARN,1,0,0.127460081559025,Low Risk,0,0.17697183222482343
0,22,88.75,1885.15,True,True,True,True,False,True,True,False,False,False,False,False,False,True,False,False,False,True,False,False,False,False,True,False,True,False,9054-FOWNV,0,1,0.815117533717907,High Risk,1,0.72982881708892
0,63,81.2,4965.1,False,True,False,True,False,True,True,False,False,False,False,False,False,False,False,True,False,False,False,False,True,False,True,True,False,False,7997-EASSD,0,0,0.21032464569153916,Low Risk,0,0.14030731486142117
0,70,79.6,5589.45,False,False,False,True,False,False,False,False,False,True,False,False,False,True,False,True,False,True,False,True,False,True,False,False,False,False,7560-QJAVJ,0,0,0.027902621988854674,Low Risk,0,0.04308927567532535
0,1,20.45,20.45,True,False,False,True,False,False,False,True,True,False,True,False,True,False,True,False,True,False,True,False,False,False,False,False,False,True,2668-TZSPS,0,0,0.3875807626520601,Medium Risk,1,0.40710215205188444
0,49,100.45,4941.8,False,True,True,True,False,True,True,False,False,False,False,True,False,False,False,False,False,True,False,True,True,False,False,False,False,True,9139-WQQDY,1,0,0.37568812565704335,Medium Risk,0,0.33339499452212495
1,71,89.45,6435.25,False,True,False,True,False,False,True,False,False,False,False,True,False,True,False,False,False,False,False,True,False,True,False,True,False,False,6726-NNFWD,0,0,0.11200884849537507,Low Risk,0,0.10595872015293699
0,23,66.25,1533.8,False,True,True,True,False,False,False,False,False,True,False,True,False,True,False,True,False,False,False,False,True,False,True,False,False,True,9330-DHBFL,0,0,0.11872865467306523,Low Risk,0,0.1426366063787485
0,72,90.8,6397.6,True,True,True,True,False,True,False,False,False,True,False,True,False,True,False,True,False,True,False,True,False,True,True,True,False,False,5727-MYATE,0,0,0.03589414181321295,Low Risk,0,0.005562688015930042
0,72,71.45,5025.85,False,True,True,True,False,True,False,False,False,True,False,False,False,True,False,False,False,True,False,False,False,True,True,False,False,False,2824-DXNKN,0,0,0.033715579313954976,Low Risk,0,0.05173875185869827
0,2,69.75,144.55,False,False,False,True,False,False,True,False,False,False,False,False,False,False,False,False,False,False,False,False,False,False,False,False,False,False,6166-ILMNY,1,1,0.7424567226166499,High Risk,1,0.7802493724163311
0,42,59.65,2536.55,False,False,False,True,False,False,False,False,False,True,False,True,False,True,False,False,False,False,False,False,False,False,False,False,False,False,5236-XMZJY,0,0,0.15310458759842518,Low Risk,0,0.21690939545829768
0,47,19.75,948.9,False,True,True,True,False,False,False,True,True,False,True,False,True,False,True,False,True,False,True,False,False,True,False,False,False,True,1709-EJDOX,0,0,0.01669401996007386,Low Risk,0,0.00647967792767678
0,29,19.85,535.05,True,False,True,True,False,False,False,True,True,False,True,False,True,False,True,False,True,False,True,False,True,False,False,False,False,True,4962-CHQPW,0,0,0.06934864515508939,Low Risk,0,0.004941343909290664
0,72,63.8,4684.3,False,True,True,False,True,False,False,False,False,True,False,True,False,True,False,True,False,True,False,True,False,True,True,False,False,False,0301-FIDRB,0,0,0.03465201235081003,Low Risk,0,0.003910810147231577
0,1,69.55,69.55,True,False,False,True,False,False,True,False,False,False,False,False,False,False,False,False,False,False,False,False,False,False,True,False,True,False,1820-TQVEV,1,1,0.865800768535284,High Risk,1,0.9244519301966962
0,40,51.1,2092.9,True,False,False,True,False,False,False,False,False,False,False,False,False,False,False,True,False,False,False,False,False,False,True,False,True,False,9115-YQHGA,0,0,0.3293222221628573,Medium Risk,0,0.24427007991478306
0,1,62.05,62.05,True,False,False,True,False,True,False,False,False,False,False,False,False,True,False,True,False,False,False,False,False,False,False,False,False,True,1541-ETJZO,1,1,0.5372528159486762,Medium Risk,1,0.5226137717226041
1,1,85.0,85.0,False,False,False,True,False,False,True,False,False,False,False,False,False,True,False,False,False,False,False,True,False,False,True,False,True,False,6230-BSUXY,1,1,0.8972341789073757,High Risk,1,0.912300225378993
0,70,98.3,6859.5,True,True,True,True,False,True,True,False,False,False,False,True,False,False,False,False,False,True,False,True,False,True,False,False,False,False,6797-LNAQX,1,0,0.14881074102831074,Low Risk,0,0.11297451247687536
0,49,19.9,1022.6,True,False,False,True,False,False,False,True,True,False,True,False,True,False,True,False,True,False,True,False,False,True,True,True,False,False,9588-YRFHY,0,0,0.02580249465947931,Low Risk,0,0.006050984176387104
0,17,76.65,1313.55,True,False,False,True,False,False,True,False,False,False,False,False,False,True,False,False,False,False,False,False,False,False,True,False,True,False,1092-GANHU,1,1,0.7788244597481042,High Risk,1,0.6814993535467142
0,33,66.4,2245.4,True,False,False,True,False,False,False,False,False,False,False,True,False,True,False,False,False,True,False,False,False,False,True,True,False,False,5951-AOFIH,0,1,0.40052263635142266,Medium Risk,0,0.31286588877506916
1,17,100.45,1622.45,True,True,False,True,False,True,True,False,False,False,False,False,False,True,False,False,False,True,False,True,False,False,True,True,False,False,7029-RPUAV,1,1,0.8616022281542459,High Risk,1,0.6775317635946584
0,21,75.9,1549.75,True,True,True,True,False,True,False,False,False,True,False,False,False,False,False,False,False,True,False,True,True,False,True,False,False,False,4700-UBQMV,0,0,0.3429616058383383,Medium Risk,0,0.2141925323404525
0,35,85.95,3110.1,False,False,False,True,False,True,False,False,False,True,False,False,False,True,False,True,False,True,False,True,True,False,True,True,False,False,3594-UVONA,1,0,0.23089328374768542,Low Risk,0,0.1973672124090204
0,12,60.65,743.3,False,False,False,False,True,False,False,False,False,False,False,True,False,True,False,True,False,True,False,True,True,False,False,False,True,False,7750-EYXWZ,0,1,0.49912429573170247,Medium Risk,0,0.19574759939489839
0,9,50.85,466.6,False,True,False,True,False,False,False,False,False,False,False,True,False,False,False,False,False,False,False,False,False,False,False,False,False,True,7054-ENNGU,0,1,0.4739715663341165,Medium Risk,0,0.352459807228615
0,72,24.45,1709.1,False,True,True,True,False,True,False,True,True,False,True,False,True,False,True,False,True,False,True,False,False,True,False,False,False,False,0402-OAMEN,0,0,0.007472060082882624,Low Risk,0,0.003937064007851431
1,18,59.1,1011.05,True,True,False,True,False,False,False,False,False,True,False,False,False,False,False,False,False,False,False,True,False,False,True,True,False,False,2195-VVRJF,0,1,0.5249126900810653,Medium Risk,0,0.38061631641784693
0,58,109.1,6393.65,False,True,False,True,False,True,True,False,False,True,False,True,False,False,False,True,False,True,False,True,False,True,True,True,False,False,8819-ZBYNA,0,0,0.17360692933868868,Low Risk,0,0.24876730771288635
1,30,101.3,2974.5,False,False,True,True,False,True,True,False,False,False,False,False,False,False,False,True,False,True,False,True,False,False,True,False,True,False,7748-UMTRK,0,1,0.7844106465604339,High Risk,1,0.684989672932164
0,56,115.85,6567.9,True,True,True,True,False,True,True,False,False,True,False,True,False,True,False,True,False,True,False,True,False,True,False,False,False,True,1741-WTPON,0,0,0.11713563840517024,Low Risk,0,0.1845628885097803
0,10,94.9,1048.85,True,False,False,True,False,False,True,False,False,False,False,False,False,True,False,False,False,True,False,True,False,False,True,False,True,False,7209-JCUDS,1,1,0.8859091241796782,High Risk,1,0.8489836597061752
0,2,35.1,68.75,False,True,False,False,True,False,False,False,False,False,False,False,False,False,False,False,False,False,False,True,False,False,True,False,True,False,2485-ITVKB,1,1,0.855344371853106,High Risk,1,0.8242095975003788
0,18,24.65,471.35,False,True,True,True,False,True,False,True,True,False,True,False,True,False,True,False,True,False,True,False,False,True,True,True,False,False,9648-BCHKM,0,0,0.09087886387830997,Low Risk,0,0.056190674630208534
0,51,56.15,2898.95,False,True,True,False,True,False,False,False,False,False,False,False,False,True,False,True,False,True,False,True,True,False,True,False,True,False,0743-HRVFF,0,0,0.2497439630705373,Low Risk,0,0.1801806192596154
0,60,109.45,6572.85,True,True,False,True,False,True,True,False,False,True,False,False,False,True,False,True,False,True,False,True,False,False,True,False,False,False,2522-AHJXR,0,1,0.49155384800338264,Medium Risk,0,0.3381569280410019
0,24,55.15,1319.85,False,True,True,True,False,False,False,False,False,True,False,False,False,False,False,True,False,False,False,False,False,False,False,False,True,False,9143-CANJF,0,0,0.24947807897506183,Low Risk,0,0.2744559548166025
0,70,115.65,7968.85,True,True,False,True,False,True,True,False,False,True,False,True,False,True,False,True,False,True,False,True,True,False,False,True,False,False,1444-VVSGW,1,0,0.18565457257591492,Low Risk,0,0.30669986519854253
0,12,53.75,648.65,True,False,False,True,False,False,False,False,False,False,False,True,False,False,False,True,False,False,False,False,False,False,True,False,False,True,6898-MDLZW,0,1,0.4648139619870639,Medium Risk,0,0.3997348694818682
0,25,61.6,1611.0,True,True,True,True,False,False,False,False,False,True,False,True,False,True,False,False,False,False,False,False,True,False,True,False,False,False,0074-HDKDG,0,0,0.147338107381583,Low Risk,0,0.1657446385708821
0,36,20.35,695.85,True,False,False,True,False,False,False,True,True,False,True,False,True,False,True,False,True,False,True,False,True,False,True,True,False,False,3982-JGSFD,0,0,0.08363840247545362,Low Risk,0,0.0063536060736587895
0,11,90.6,1020.2,True,True,True,True,False,False,True,False,False,False,False,False,False,False,False,False,False,True,False,True,False,False,False,False,True,False,7928-VJYAB,0,1,0.8136421961734647,High Risk,1,0.7430564071817111
0,7,89.75,608.8,True,True,True,True,False,False,True,False,False,False,False,True,False,False,False,True,False,True,False,False,False,False,True,False,True,False,1522-VVDMG,1,1,0.7638306383019758,High Risk,1,0.7733377062849623
1,26,98.1,2510.7,False,True,False,True,False,True,True,False,False,False,False,False,False,True,False,False,False,True,False,True,False,False,True,False,False,False,2665-NPTGL,0,1,0.8382954056093377,High Risk,1,0.7409074623867091
0,41,74.25,3089.1,True,False,False,True,False,False,True,False,False,False,False,False,False,False,False,True,False,False,False,False,False,False,True,False,True,False,8728-SKJLR,0,1,0.5714157609594892,Medium Risk,1,0.565755974630451
1,57,55.0,3094.05,False,False,False,False,True,False,False,False,False,False,False,True,False,True,False,False,False,True,False,True,False,False,True,False,True,False,7733-UDMTP,0,1,0.49785633284927744,Medium Risk,1,0.5099338227722938
0,28,90.1,2598.95,False,True,True,True,False,False,True,False,False,False,False,False,False,False,False,False,False,True,False,True,True,False,True,False,False,False,0431-APWVY,1,1,0.5504481738623133,Medium Risk,1,0.40802718692783474
0,10,64.9,685.55,False,False,False,True,False,False,False,False,False,False,False,True,False,False,False,True,False,False,False,True,True,False,False,False,False,True,5081-NWSUP,0,0,0.2819858544916895,Low Risk,0,0.20786374935431348
0,41,56.3,2364.0,False,False,False,True,False,True,False,False,False,False,False,True,False,False,False,False,False,False,False,False,True,False,True,True,False,False,2746-DIJLO,0,0,0.19087585410544639,Low Risk,0,0.20877494914785721
0,22,89.05,1886.25,False,False,False,True,False,False,True,False,False,True,False,False,False,False,False,True,False,False,False,True,False,False,True,False,True,False,7277-OZCGZ,0,1,0.6710356093520364,High Risk,1,0.5688989718240546
0,57,112.95,6465.0,False,False,False,True,False,True,True,False,False,True,False,True,False,True,False,False,False,True,False,True,False,True,True,False,False,False,5236-PERKL,1,0,0.2077749189679997,Low Risk,0,0.27393366214011977
0,13,19.45,270.2,True,False,False,True,False,False,False,True,True,False,True,False,True,False,True,False,True,False,True,False,True,False,False,False,False,True,2788-CJQAQ,0,0,0.159540946077157,Low Risk,0,0.033367207498502145
0,61,100.7,6018.65,False,True,True,True,False,True,True,False,False,True,False,True,False,True,False,False,False,False,False,True,True,False,True,True,False,False,3096-WPXBT,0,0,0.22119811902965042,Low Risk,0,0.2524805055174241
0,1,20.05,20.05,False,True,True,True,False,False,False,True,True,False,True,False,True,False,True,False,True,False,True,False,False,False,False,False,False,True,9962-BFPDU,0,0,0.3341751066735967,Medium Risk,1,0.6143528120045076
0,18,19.35,309.25,False,True,True,True,False,False,False,True,True,False,True,False,True,False,True,False,True,False,True,False,False,True,False,False,False,True,2892-GESUL,0,0,0.05500875774264487,Low Risk,0,0.01180754762110147
0,6,87.95,522.35,True,False,False,True,False,True,True,False,False,False,False,False,False,False,False,True,False,False,False,True,False,False,True,False,False,False,9741-YLNTD,0,1,0.8178238301665267,High Risk,1,0.8016119360283457
0,7,59.5,415.95,False,False,False,True,False,False,False,False,False,False,False,False,False,False,False,True,False,True,False,False,False,False,True,False,False,True,1205-WNWPJ,1,1,0.5904340179107109,Medium Risk,1,0.44704924623363657
0,9,55.3,501.2,False,True,True,True,False,True,False,False,False,False,False,True,False,False,False,False,False,False,False,False,False,False,True,False,False,True,3173-NVMPX,0,1,0.5649631402715609,Medium Risk,0,0.34762497096544326
1,1,49.25,49.25,True,True,True,True,False,False,False,False,False,False,False,False,False,False,False,True,False,False,False,False,False,False,True,True,False,False,9661-MHUMO,1,1,0.5693898517882714,Medium Risk,1,0.5273035100492721
0,9,80.8,713.1,True,False,False,True,False,False,True,False,False,False,False,False,False,False,False,False,False,False,False,True,False,False,True,False,True,False,6000-APYLU,1,1,0.8614342764967174,High Risk,1,0.8133778527892451
0,49,20.45,900.9,False,True,False,True,False,False,False,True,True,False,True,False,True,False,True,False,True,False,True,False,True,False,False,False,False,False,0048-PIHNL,0,0,0.03524185735351808,Low Risk,0,0.07471306419872777
0,15,99.1,1426.4,False,False,False,True,False,False,True,False,False,True,False,True,False,False,False,False,False,True,False,True,False,False,True,True,False,False,9420-LOJKX,1,1,0.721025727354418,High Risk,1,0.7012920343022133
0,30,19.55,608.5,False,True,True,True,False,False,False,True,True,False,True,False,True,False,True,False,True,False,True,False,True,False,False,False,False,False,7061-OVMIM,0,0,0.06390521537284917,Low Risk,0,0.07652739786852676
1,70,75.65,5411.4,False,True,False,True,False,True,True,False,False,False,False,False,False,False,False,False,False,False,False,False,False,True,True,True,False,False,5671-RQRLP,0,0,0.1491771924286587,Low Risk,0,0.13238743635416209
0,25,105.5,2686.05,True,False,False,True,False,False,True,False,False,True,False,False,False,True,False,True,False,True,False,True,False,False,True,False,True,False,5129-JLPIS,0,1,0.7092425250241162,High Risk,1,0.6050630906786237
0,49,35.8,1782.0,False,True,True,False,True,False,False,False,False,True,False,False,False,False,False,True,False,False,False,False,True,False,True,True,False,False,5170-PTRKA,0,0,0.07812475833293663,Low Risk,0,0.07664253017808308
0,18,25.15,476.8,True,False,False,False,True,False,False,False,False,False,False,False,False,False,False,False,False,False,False,False,False,False,False,False,False,True,4819-HJPIW,0,1,0.5504948619251258,Medium Risk,0,0.32423017420422084
0,25,19.2,532.1,False,False,False,True,False,False,False,True,True,False,True,False,True,False,True,False,True,False,True,False,False,False,True,True,False,False,8780-RSYYU,0,0,0.23559095676286043,Low Risk,0,0.05015787932066612
0,23,40.1,857.75,True,False,True,False,True,False,False,False,False,True,False,False,False,True,False,True,False,False,False,False,False,True,False,False,False,True,2335-GSODA,0,0,0.07891296448370964,Low Risk,0,0.04989541300170736
0,67,103.15,6895.5,True,True,True,True,False,False,True,False,False,False,False,True,False,True,False,True,False,True,False,True,False,True,False,False,False,False,5696-CEIQJ,0,0,0.09686539674726702,Low Risk,0,0.10758219022422104
0,35,20.5,759.35,True,True,True,True,False,False,False,True,True,False,True,False,True,False,True,False,True,False,True,False,False,True,False,False,False,False,6169-PPETC,0,0,0.02657392155567962,Low Risk,0,0.0073433682483308865
0,1,45.85,45.85,True,False,False,True,False,False,False,False,False,False,False,False,False,False,False,False,False,False,False,False,False,False,True,False,False,True,4237-RLAQD,1,1,0.6669398888570154,High Risk,1,0.7652890940938355
0,72,114.45,8375.05,True,True,False,True,False,True,True,False,False,True,False,True,False,True,False,True,False,True,False,True,False,True,False,True,False,False,7359-WWYJV,0,0,0.1034097985753404,Low Risk,0,0.03204973642967411
0,1,20.7,20.7,False,False,False,True,False,False,False,True,True,False,True,False,True,False,True,False,True,False,True,False,False,False,False,False,True,False,8620-RJPZN,0,1,0.4626016452290278,Medium Risk,0,0.3113233697177189
1,60,80.95,4859.1,True,True,True,True,False,True,True,False,False,True,False,False,False,False,False,False,False,False,False,False,False,False,True,False,True,False,7426-WEIJX,0,1,0.4557802106643375,Medium Risk,0,0.2902806645885645
0,7,59.1,369.25,False,False,False,True,False,False,False,False,False,True,False,False,False,False,False,False,False,False,False,True,True,False,True,False,True,False,7629-WIXZF,0,1,0.48635523272362313,Medium Risk,1,0.4333761826650224
0,64,19.55,1240.15,True,False,False,True,False,False,False,True,True,False,True,False,True,False,True,False,True,False,True,False,False,True,False,False,False,True,2616-FLVQC,0,0,0.010399941032341795,Low Risk,0,0.08175964441696229
0,15,48.85,736.8,False,False,False,True,False,False,False,False,False,False,False,True,False,False,False,False,False,False,False,False,False,False,False,False,True,False,9163-GHAYE,0,1,0.5180709036580663,Medium Risk,1,0.4082561788477561
0,2,19.85,35.9,True,True,True,True,False,False,False,True,True,False,True,False,True,False,True,False,True,False,True,False,True,False,False,False,False,True,4464-JCOLN,1,0,0.19395060622087798,Low Risk,0,0.04786599762965445
0,13,78.75,995.35,False,False,False,True,False,True,False,False,False,True,False,False,False,True,False,False,False,True,False,True,False,False,True,False,True,False,2971-SGAFL,0,1,0.7196069291697459,High Risk,1,0.43709282720514475
0,26,98.35,2515.3,True,False,False,True,False,True,True,False,False,False,False,False,False,True,False,False,False,True,False,True,False,False,True,False,True,False,4735-ASGMA,1,1,0.8698945837751296,High Risk,1,0.7953728027889803
0,52,35.45,1958.95,False,True,False,False,True,False,False,False,False,True,False,False,False,True,False,False,False,False,False,False,True,False,False,False,False,True,5245-VDBUR,0,0,0.09091753883414351,Low Risk,0,0.12902414032880669
0,1,20.2,20.2,True,False,False,True,False,False,False,True,True,False,True,False,True,False,True,False,True,False,True,False,False,False,True,False,False,False,1493-AMTIE,1,1,0.4587443708368547,Medium Risk,1,0.49894089286311355
1,15,89.85,1424.95,False,False,False,True,False,True,True,False,False,False,False,True,False,False,False,False,False,False,False,True,False,False,False,False,True,False,1112-CUNAO,1,1,0.8300965526046409,High Risk,1,0.6584683620841434
0,2,74.9,147.15,False,False,False,True,False,True,True,False,False,False,False,False,False,False,False,False,False,False,False,False,False,False,False,True,False,False,7571-YXDAD,1,1,0.7837060835993238,High Risk,1,0.7682642212933265
0,31,91.15,2995.45,False,True,True,True,False,True,True,False,False,False,False,True,False,False,False,False,False,False,False,True,False,False,True,False,True,False,8714-EUHJO,1,1,0.7494258349637809,High Risk,1,0.5975159296997755
0,26,75.5,2018.1,True,False,False,True,False,False,True,False,False,False,False,True,False,False,False,False,False,False,False,False,True,False,False,False,False,False,9040-KZVWO,0,0,0.36491948950306113,Medium Risk,0,0.21365466450355353
0,10,29.75,301.9,False,False,False,False,True,False,False,False,False,True,False,False,False,False,False,False,False,False,False,False,False,False,False,False,False,True,6713-OKOMC,0,1,0.5237381717974099,Medium Risk,0,0.33742149081748646
0,1,20.05,20.05,True,False,False,True,False,False,False,True,True,False,True,False,True,False,True,False,True,False,True,False,False,False,False,False,False,True,8749-CLJXC,0,0,0.39081602625135564,Medium Risk,1,0.632067180547509
1,2,79.6,195.05,False,False,False,True,False,False,True,False,False,False,False,False,False,False,False,False,False,False,False,True,False,False,True,False,True,False,4713-LZDRV,1,1,0.9008315000331363,High Risk,1,0.872793193452748
0,2,19.3,28.3,True,False,False,True,False,False,False,True,True,False,True,False,True,False,True,False,True,False,True,False,True,False,False,True,False,False,6598-RFFVI,1,0,0.22316332851908569,Low Risk,0,0.11318270677225906
0,13,48.75,633.4,False,True,False,False,True,False,False,False,False,False,False,False,False,True,False,False,False,True,False,True,False,False,True,False,False,False,7470-MCQTK,1,1,0.7678673290218222,High Risk,1,0.4663585404828475
0,33,74.75,2453.3,True,True,True,True,False,False,False,False,False,True,False,False,False,True,False,False,False,True,False,True,True,False,False,True,False,False,5524-KHNJP,0,0,0.16785815942507343,Low Risk,0,0.22608385170777812
1,46,91.3,4126.35,False,False,False,True,False,False,True,False,False,False,False,True,False,True,False,False,False,True,False,False,True,False,True,False,False,False,1707-HABPF,0,0,0.3901937852199715,Medium Risk,0,0.2604338664162891
0,13,49.15,649.4,False,False,False,False,True,False,False,False,False,False,False,False,False,True,False,False,False,True,False,True,False,False,False,False,True,False,4581-LNWUM,0,1,0.7744244332029931,High Risk,1,0.6038567338995655
1,37,106.75,4056.75,False,False,False,True,False,True,True,False,False,True,False,True,False,False,False,False,False,True,False,True,False,False,True,False,False,False,9710-ZUSHQ,1,1,0.6848834874725906,High Risk,1,0.47993867643417787
0,61,19.1,1143.8,False,True,True,True,False,False,False,True,True,False,True,False,True,False,True,False,True,False,True,False,True,False,False,True,False,False,1697-LYYYX,0,0,0.017912490325239814,Low Risk,0,0.0454821973559799
0,1,20.8,20.8,True,False,False,True,False,False,False,True,True,False,True,False,True,False,True,False,True,False,True,False,False,False,False,False,False,True,4013-GUXND,0,0,0.38475800664565585,Medium Risk,1,0.5507169180459952
0,9,75.85,647.5,False,True,True,True,False,False,True,False,False,False,False,False,False,False,False,True,False,False,False,False,False,False,True,False,True,False,5022-JNQEQ,0,1,0.7242433995087635,High Risk,1,0.7149595447820947
0,3,69.6,207.4,True,False,False,True,False,False,True,False,False,False,False,False,False,False,False,False,False,False,False,False,False,False,True,False,False,True,4983-CCWMC,0,1,0.8099839059528224,High Risk,1,0.7503566358962107
0,69,19.9,1363.45,True,True,False,True,False,False,False,True,True,False,True,False,True,False,True,False,True,False,True,False,False,True,False,False,False,True,6345-FZOQH,0,0,0.00851458171751042,Low Risk,0,0.011885519061542161
0,62,20.3,1296.15,False,True,True,True,False,False,False,True,True,False,True,False,True,False,True,False,True,False,True,False,False,True,False,False,False,False,0962-CQPWQ,0,0,0.008382153120783007,Low Risk,0,0.003456519778417169
0,20,19.7,419.4,True,False,False,True,False,False,False,True,True,False,True,False,True,False,True,False,True,False,True,False,False,True,True,False,False,True,5495-GPSRW,0,0,0.08746743444317204,Low Risk,0,0.03140460441733126
0,61,104.0,6363.45,True,False,False,True,False,True,True,False,False,True,False,False,False,True,False,False,False,True,False,True,True,False,False,False,True,False,2252-JHJGE,0,0,0.3928199669115969,Medium Risk,0,0.3632097947844798
0,4,23.9,97.5,False,False,False,True,False,True,False,True,True,False,True,False,True,False,True,False,True,False,True,False,True,False,False,False,True,False,7356-AYNJP,0,0,0.3299362889896911,Medium Risk,0,0.06028833891587326
0,63,102.6,6296.75,True,True,False,True,False,True,True,False,False,False,False,False,False,True,False,False,False,True,False,True,False,True,False,False,True,False,2019-HDCZY,0,0,0.2812773633809988,Low Risk,0,0.26890083807823206
0,50,35.0,1782.4,True,False,False,False,True,False,False,False,False,True,False,True,False,False,False,False,False,False,False,False,False,False,True,False,False,True,8582-KRHPJ,0,0,0.22027852327340894,Low Risk,0,0.2211536578714236
0,1,80.5,80.5,True,False,False,True,False,False,True,False,False,False,False,False,False,False,False,False,False,False,False,True,False,False,False,False,True,False,2867-UIMSS,1,1,0.8509497606098294,High Risk,1,0.9025217278596144
0,70,74.1,5222.3,False,True,True,True,False,False,False,False,False,True,False,True,False,True,False,True,False,False,False,True,True,False,False,True,False,False,3487-EARAT,0,0,0.029561040136469627,Low Risk,0,0.17460372561708198
0,72,76.8,5468.45,False,True,True,True,False,True,False,False,False,False,False,False,False,True,False,False,False,True,False,True,False,True,True,False,False,False,9926-PJHDQ,0,0,0.06879644727371426,Low Risk,0,0.10944423717668578
0,35,60.55,1982.6,False,False,False,True,False,False,False,False,False,True,False,True,False,True,False,False,False,False,False,False,False,False,False,False,True,False,0289-IVARM,0,0,0.2439270793661245,Low Risk,0,0.21015398163763369
0,12,67.25,832.3,True,False,False,True,False,True,False,False,False,True,False,True,False,False,False,True,False,False,False,False,False,False,True,False,True,False,4672-FOTSD,0,1,0.4838975095710401,Medium Risk,0,0.38665104346350354
0,56,109.8,6109.65,False,True,False,True,False,True,True,False,False,True,False,True,False,True,False,False,False,True,False,True,True,False,False,False,False,False,6198-PNNSZ,0,0,0.29693446322555034,Low Risk,0,0.3346435207176875
0,12,73.75,871.4,True,False,True,True,False,True,True,False,False,False,False,False,False,False,False,False,False,False,False,False,False,False,True,True,False,False,7603-USHJS,1,1,0.7595130316452503,High Risk,1,0.6039122418070346
0,36,55.8,1941.5,False,False,False,True,False,True,False,False,False,False,False,False,False,True,False,False,False,False,False,False,True,False,False,False,True,False,6784-XYJAE,0,0,0.2492945157088198,Low Risk,0,0.1287085701481363
0,40,105.75,4228.55,False,True,False,True,False,True,True,False,False,True,False,False,False,True,False,False,False,True,False,True,True,False,False,False,False,False,3858-XHYJO,0,1,0.40589701478700374,Medium Risk,0,0.3568456114875476
0,3,19.6,59.75,False,False,False,True,False,False,False,True,True,False,True,False,True,False,True,False,True,False,True,False,False,False,True,False,False,True,1087-UDSIH,1,1,0.44758093664278964,Medium Risk,0,0.18895030561211493
1,40,103.75,4188.4,False,False,False,True,False,True,True,False,False,False,False,False,False,True,False,True,False,True,False,True,True,False,True,True,False,False,7251-LJBQN,0,1,0.5539935626184822,Medium Risk,1,0.41578786334619
0,67,70.9,4677.1,True,True,False,True,False,True,False,False,False,True,False,True,False,True,False,True,False,False,False,False,False,True,False,True,False,False,3200-MNQTF,0,0,0.01818862065408674,Low Risk,0,0.06315171666577739
0,67,72.35,4991.5,False,False,False,True,False,False,False,False,False,True,False,False,False,True,False,True,False,False,False,True,True,False,True,False,False,False,9359-UGBTK,0,0,0.05745288393262672,Low Risk,0,0.14740551343351735
0,7,66.85,458.1,False,False,False,True,False,False,False,False,False,False,False,False,False,False,False,False,False,True,False,True,False,False,True,False,True,False,8160-HOWOX,0,1,0.7761334728056103,High Risk,1,0.5736637613952982
0,3,90.4,268.45,True,False,False,True,False,False,True,False,False,False,False,True,False,True,False,False,False,False,False,True,False,False,False,False,True,False,0258-NOKBL,0,1,0.8143743088482198,High Risk,1,0.7241642334667704
0,42,100.3,4222.95,True,False,False,True,False,True,True,False,False,False,False,False,False,False,False,True,False,True,False,True,False,False,True,False,True,False,2800-QQUSO,0,1,0.7574871672831704,High Risk,1,0.7454650942257651
0,40,26.2,1077.5,False,True,True,True,False,True,False,True,True,False,True,False,True,False,True,False,True,False,True,False,False,False,True,False,True,False,2129-ALKBS,0,0,0.19665018201057116,Low Risk,0,0.04814149088122685
1,53,94.0,4871.45,False,True,False,True,False,False,True,False,False,False,False,True,False,True,False,True,False,True,False,False,True,False,True,False,True,False,9972-VAFJJ,0,0,0.38297198468321303,Medium Risk,0,0.27178082365815703
0,3,19.55,61.05,False,False,False,True,False,False,False,True,True,False,True,False,True,False,True,False,True,False,True,False,False,False,False,False,True,False,4693-VWVBO,0,1,0.4513217371616185,Medium Risk,0,0.35003120344589644
1,9,90.1,816.8,False,False,False,True,False,True,True,False,False,False,False,False,False,True,False,False,False,True,False,False,False,False,True,False,True,False,6969-MVBAI,0,1,0.8959114191279441,High Risk,1,0.8772601305055275
0,72,20.1,1326.25,False,True,True,True,False,False,False,True,True,False,True,False,True,False,True,False,True,False,True,False,False,True,True,True,False,False,4821-WQOYN,0,0,0.0074442747267943815,Low Risk,0,0.012044738205414598
1,46,85.0,3969.4,True,False,False,True,False,False,True,False,False,True,False,False,False,False,False,False,False,False,False,True,False,False,False,False,True,False,6769-DYBQN,1,1,0.5516411052183099,Medium Risk,1,0.5464165885667764
0,61,24.1,1551.6,False,True,True,True,False,True,False,True,True,False,True,False,True,False,True,False,True,False,True,False,False,True,True,False,False,True,4018-PPNDW,0,0,0.017812472843668565,Low Risk,0,0.03425603540215228
0,54,69.95,3871.85,False,True,True,True,False,False,False,False,False,True,False,False,False,True,False,True,False,False,False,True,False,True,False,False,False,False,6288-CHQJB,0,0,0.026381793838305096,Low Risk,0,0.02975930190498333
0,11,41.6,470.6,True,False,False,False,True,False,False,False,False,False,False,False,False,True,False,False,False,True,False,False,True,False,True,False,True,False,4905-JEFDW,1,1,0.6453240454683965,High Risk,1,0.5001051011779171
0,29,19.55,521.8,False,True,False,True,False,False,False,True,True,False,True,False,True,False,True,False,True,False,True,False,False,True,True,False,False,True,0559-CKHUS,0,0,0.059906450292088534,Low Risk,0,0.03974160451451357
0,67,111.3,7482.1,True,True,True,True,False,True,True,False,False,True,False,True,False,True,False,False,False,True,False,True,True,False,True,False,True,False,2659-VXMWZ,1,0,0.35440680784168,Medium Risk,0,0.24726734551986684
0,49,97.95,4917.9,True,True,True,True,False,True,True,False,False,False,False,False,False,False,False,True,False,True,False,True,True,False,True,False,True,False,6559-RAKOZ,0,1,0.5237775054772468,Medium Risk,1,0.5085247913066219
0,72,100.55,7325.1,True,True,False,True,False,True,True,False,False,True,False,True,False,False,False,True,False,False,False,True,False,True,True,False,False,False,8809-XKHMD,0,0,0.09536997729299104,Low Risk,0,0.05322167996079913
0,71,87.25,6328.7,False,True,True,True,False,False,False,False,False,True,False,True,False,True,False,True,False,True,False,True,False,True,False,True,False,False,6365-HITVU,0,0,0.019638724255513936,Low Risk,0,0.00523860914739266
1,44,74.85,3268.05,False,False,False,True,False,False,False,False,False,False,False,False,False,True,False,True,False,True,False,True,True,False,False,False,False,False,0134-XWXCE,0,0,0.17620529742929175,Low Risk,0,0.23207344562988438
0,41,60.3,2511.3,True,True,True,True,False,False,False,False,False,True,False,True,False,True,False,False,False,False,False,False,True,False,True,False,False,False,9720-JJJOR,0,0,0.09381818186436763,Low Risk,0,0.16238864354252822
0,11,58.95,601.6,False,False,False,True,False,True,False,False,False,False,False,False,False,False,False,False,False,False,False,True,False,False,True,False,False,True,2782-LFZVW,0,1,0.7017308855232023,High Risk,1,0.4087175150999528
0,13,19.3,279.3,False,False,False,True,False,False,False,True,True,False,True,False,True,False,True,False,True,False,True,False,False,False,True,False,False,True,6112-KTHFQ,0,0,0.34965317278407204,Medium Risk,0,0.10118037936817036
1,55,88.8,4805.3,False,True,False,True,False,False,True,False,False,False,False,False,False,True,False,True,False,True,False,False,False,True,False,True,False,False,9220-ZNKJI,0,0,0.13406617375743446,Low Risk,0,0.10371834294481513
0,11,48.55,501.0,False,False,False,True,False,False,False,False,False,True,False,False,False,False,False,False,False,False,False,False,False,False,False,True,False,False,9820-RMCQV,1,0,0.3908277063203873,Medium Risk,0,0.33980602031541884
0,48,45.55,2108.35,False,False,True,False,True,False,False,False,False,False,False,True,False,True,False,False,False,False,False,True,False,False,False,True,False,False,9013-AQORL,0,0,0.2399896113270486,Low Risk,0,0.3394745507971982
0,31,81.7,2548.65,True,False,False,True,False,True,True,False,False,False,False,False,False,False,False,True,False,False,False,False,True,False,False,True,False,False,2040-OBMLJ,0,0,0.3369451964770028,Medium Risk,0,0.220282625112495
0,63,109.2,7049.75,True,False,False,True,False,False,True,False,False,True,False,True,False,True,False,True,False,True,False,True,False,True,False,True,False,False,5574-NXZIU,0,0,0.09423428971737643,Low Risk,0,0.23831597487485426
1,61,65.2,3965.05,False,True,True,True,False,True,False,False,False,False,False,False,False,True,False,False,False,True,False,False,True,False,True,False,True,False,5446-DKWYW,0,0,0.20923734198393745,Low Risk,0,0.15230931044726997
0,72,24.25,1784.5,False,True,True,True,False,True,False,True,True,False,True,False,True,False,True,False,True,False,True,False,False,True,False,True,False,False,0480-KYJVA,0,0,0.007632033329319744,Low Risk,0,0.0012006794829171503
0,53,108.25,5935.1,False,True,True,True,False,False,True,False,False,False,False,True,False,True,False,True,False,True,False,True,False,False,True,False,False,False,1074-AMIOH,0,1,0.44830325951542216,Medium Risk,0,0.348259742549187
1,7,48.2,340.35,False,False,False,True,False,False,False,False,False,True,False,False,False,False,False,False,False,False,False,False,False,False,True,False,True,False,0015-UOCOJ,0,1,0.6481676154745944,High Risk,1,0.6329488875420449
0,28,81.05,2227.1,False,True,True,True,False,False,True,False,False,False,False,False,False,False,False,False,False,False,False,True,False,False,True,False,True,False,0256-LTHVJ,1,1,0.7322289669837818,High Risk,1,0.6572007739985224
0,16,72.65,1194.3,False,False,False,True,False,True,True,False,False,False,False,False,False,False,False,False,False,False,False,False,False,False,False,False,True,False,4547-LYTDD,1,1,0.7914384895777433,High Risk,1,0.6132494636184157
0,7,71.05,472.65,False,False,True,True,False,False,True,False,False,False,False,False,False,False,False,False,False,False,False,False,False,False,True,False,True,False,1077-HUUJM,0,1,0.7949686597876823,High Risk,1,0.8033452111042614
0,5,64.0,370.25,False,False,False,True,False,True,False,False,False,False,False,True,False,False,False,False,False,False,False,True,False,False,True,False,True,False,2041-JIJCI,0,1,0.7807035025253437,High Risk,1,0.4486979798225309
0,71,23.9,1663.5,False,True,True,True,False,True,False,True,True,False,True,False,True,False,True,False,True,False,True,False,False,True,False,True,False,False,1555-HAPSU,0,0,0.007887000986744384,Low Risk,0,0.001610498707983552
0,7,34.5,279.25,True,True,True,False,True,False,False,False,False,True,False,False,False,False,False,True,False,False,False,False,False,False,True,False,True,False,4323-SADQS,1,1,0.5949496128088464,Medium Risk,1,0.48602540796553245
1,11,111.4,1183.05,True,False,False,True,False,True,True,False,False,False,False,True,False,True,False,True,False,True,False,True,False,False,True,False,True,False,3292-PBZEJ,0,1,0.8637259437238666,High Risk,1,0.7500930722329238
0,52,63.9,3334.95,True,False,False,False,True,False,False,False,False,True,False,True,False,True,False,True,False,True,False,True,False,True,False,True,False,False,6203-HBZPA,0,0,0.058792716695355976,Low Risk,0,0.013464260639288265
0,49,67.4,3306.85,False,False,False,True,False,False,False,False,False,True,False,True,False,True,False,True,False,False,False,False,False,True,False,False,False,False,9755-JHNMN,0,0,0.02248926599675223,Low Risk,0,0.0331601974994463
0,19,18.8,279.2,True,False,False,True,False,False,False,True,True,False,True,False,True,False,True,False,True,False,True,False,True,False,False,False,False,True,7369-TRPFD,0,0,0.128137655000982,Low Risk,0,0.02563250321989102
0,2,80.95,171.15,True,False,False,True,False,False,True,False,False,False,False,False,False,False,False,False,False,False,False,True,False,False,True,False,True,False,9878-TNQGW,1,1,0.884366985731499,High Risk,1,0.8640163948264622
0,52,95.65,5088.4,True,True,False,True,False,True,True,False,False,False,False,True,False,False,False,True,False,False,False,True,False,False,True,True,False,False,2279-AXJJK,0,1,0.5195350115908646,Medium Risk,0,0.380783630443498
0,23,84.25,1968.1,True,True,False,True,False,True,True,False,False,False,False,True,False,True,False,False,False,False,False,False,False,False,False,False,True,False,5016-IBERQ,0,1,0.7215262473852952,High Risk,1,0.5817848586996396
1,8,69.7,572.85,True,False,False,True,False,False,True,False,False,False,False,False,False,False,False,False,False,False,False,False,False,False,True,False,True,False,1016-DJTSV,0,1,0.8571510954631636,High Risk,1,0.7858118614905217
1,65,103.9,6767.1,False,True,True,True,False,True,True,False,False,False,False,False,False,True,False,True,False,True,False,True,True,False,True,False,False,False,8433-WPJTV,0,0,0.34918066279131277,Medium Risk,0,0.3339157460931317
0,2,55.3,108.65,True,False,True,True,False,False,False,False,False,False,False,False,False,False,False,False,False,False,False,True,False,False,True,False,True,False,8903-XEBGX,0,1,0.7390402704632073,High Risk,1,0.7568440091056345
0,62,23.65,1416.75,False,True,False,True,False,True,False,True,True,False,True,False,True,False,True,False,True,False,True,False,False,True,False,False,False,False,2632-TACXW,0,0,0.014398413214026873,Low Risk,0,0.0050982923939804185
0,3,89.85,244.45,True,False,False,True,False,False,True,False,False,False,False,False,False,True,False,True,False,True,False,False,False,False,True,False,False,True,7952-OBOYL,0,1,0.7788893067721652,High Risk,1,0.8310265734338815
0,49,93.65,4520.15,True,True,True,True,False,True,True,False,False,False,False,True,False,True,False,False,False,True,False,False,True,False,True,False,True,False,1470-PSXNM,0,1,0.4720798042662313,Medium Risk,0,0.3997436846464198
0,15,69.0,994.8,False,False,True,True,False,False,True,False,False,False,False,False,False,False,False,False,False,False,False,False,False,False,False,False,False,False,6227-HWPWX,1,1,0.6050642591907202,High Risk,1,0.5230507571308387
0,41,20.25,865.0,False,False,True,True,False,False,False,True,True,False,True,False,True,False,True,False,True,False,True,False,True,False,True,True,False,False,5924-SNGKP,0,0,0.054628498988543175,Low Risk,0,0.010041119861622044
1,46,104.45,4863.85,False,False,False,True,False,True,True,False,False,False,False,True,False,True,False,False,False,True,False,True,False,False,True,False,True,False,8818-DOPVL,0,1,0.7992492257884476,High Risk,1,0.6718886756513742
0,56,25.95,1444.05,True,False,False,True,False,True,False,True,True,False,True,False,True,False,True,False,True,False,True,False,False,True,True,False,False,False,4521-WFJAI,0,0,0.02487222534580494,Low Risk,0,0.059724897965091846
0,48,95.4,4445.3,True,False,False,True,False,True,True,False,False,True,False,False,False,False,False,True,False,False,False,True,False,False,True,False,True,False,4724-WXVWF,0,1,0.5646839622543527,Medium Risk,1,0.4837652437801926
0,2,70.7,129.2,True,False,False,True,False,False,True,False,False,False,False,False,False,False,False,False,False,False,False,False,False,False,False,False,False,True,3717-OEAUQ,0,1,0.7515858907771745,High Risk,1,0.7673795406810751
0,72,23.75,1679.25,False,True,True,True,False,True,False,True,True,False,True,False,True,False,True,False,True,False,True,False,False,True,False,False,False,False,8165-ZJRNM,0,0,0.007604212966500979,Low Risk,0,0.003937064007851431
0,45,78.8,3597.5,True,True,False,True,False,False,False,False,False,True,False,True,False,True,False,False,False,True,False,True,True,False,False,False,False,False,7838-LAZFO,0,0,0.13958528989362542,Low Risk,0,0.17827298795435537
0,37,62.8,2278.75,True,True,True,True,False,True,False,False,False,True,False,False,False,True,False,True,False,False,False,False,False,True,True,True,False,False,0513-RBGPE,0,0,0.06180732167483293,Low Risk,0,0.055570003241045864
0,61,89.2,5500.6,False,False,False,True,False,True,True,False,False,False,False,False,False,True,False,False,False,False,False,True,False,False,False,False,False,True,7251-XFOIL,0,1,0.4836407799572354,Medium Risk,0,0.3073629502664971
0,60,20.6,1093.0,False,False,False,True,False,False,False,True,True,False,True,False,True,False,True,False,True,False,True,False,False,True,False,False,False,True,2525-GVKQU,0,0,0.011338498296438935,Low Risk,0,0.09189738614952907
1,2,50.15,115.1,False,True,False,True,False,False,False,False,False,False,False,True,False,False,False,False,False,False,False,False,False,False,False,True,False,False,7579-OOPEC,1,1,0.5676444349923211,Medium Risk,1,0.6158351412479742
0,63,75.55,4707.85,False,True,True,True,False,False,False,False,False,True,False,True,False,True,False,True,False,True,False,False,False,True,False,True,False,False,3795-GWTRD,0,0,0.01688697014640802,Low Risk,0,0.040294190287822586
1,4,84.6,360.1,False,False,False,True,False,True,True,False,False,False,False,False,False,False,False,False,False,False,False,True,False,False,True,False,True,False,4750-ZRXIU,1,1,0.915491227344818,High Risk,1,0.9117044214492787
0,62,102.0,6529.25,True,False,False,True,False,True,True,False,False,True,False,True,False,False,False,True,False,False,False,True,True,False,False,False,True,False,5445-PZWGX,1,0,0.22473203373717934,Low Risk,0,0.22784622098318777
0,62,92.05,5755.8,False,False,False,True,False,True,True,False,False,True,False,True,False,True,False,False,False,False,False,False,True,False,True,False,True,False,0516-UXRMT,0,0,0.26200372500761865,Low Risk,0,0.25561810772122623
0,69,97.65,6743.55,True,False,False,True,False,True,True,False,False,False,False,True,False,True,False,True,False,True,False,False,False,True,True,True,False,False,0727-BNRLG,0,0,0.1415536687457037,Low Risk,0,0.13817064232852908
0,4,105.65,443.9,False,False,False,True,False,False,True,False,False,False,False,True,False,True,False,True,False,True,False,True,True,False,True,False,True,False,3932-CMDTD,1,1,0.7092759064417663,High Risk,1,0.5189107759902906
0,49,56.3,2780.6,False,True,False,False,True,False,False,False,False,False,False,True,False,False,False,True,False,True,False,True,True,False,True,True,False,False,1264-FUHCX,0,0,0.21045750180887388,Low Risk,0,0.227152187734825
0,51,81.15,4126.2,True,False,False,True,False,True,False,False,False,True,False,True,False,True,False,True,False,True,False,False,True,False,True,True,False,False,6194-HBGQN,0,0,0.10744384442209771,Low Risk,0,0.12329175692021271
0,26,44.65,1156.55,True,False,False,False,True,False,False,False,False,True,False,True,False,False,False,False,False,False,False,True,False,False,True,False,False,False,4524-QCSSM,0,1,0.48188917277956045,Medium Risk,0,0.34232356545927345
0,9,43.75,405.7,False,False,False,True,False,False,False,False,False,False,False,False,False,False,False,False,False,False,False,False,False,False,True,False,True,False,4570-QHXHL,0,1,0.6867485477281235,High Risk,1,0.6826772223712368
0,57,94.7,5468.95,False,False,False,True,False,True,True,False,False,False,False,True,False,False,False,True,False,False,False,True,True,False,False,False,True,False,2972-YDYUW,0,0,0.3193356412909046,Medium Risk,0,0.26337560034381513
0,37,19.5,805.2,False,True,False,True,False,False,False,True,True,False,True,False,True,False,True,False,True,False,True,False,False,False,False,False,False,False,2061-VVFST,0,0,0.11855134692672877,Low Risk,0,0.14539693895013642
0,30,97.0,3021.3,True,False,False,True,False,False,True,False,False,False,False,True,False,False,False,False,False,True,False,True,True,False,True,False,False,False,6874-SGLHU,0,1,0.5535346755386412,Medium Risk,1,0.44038655768156854
1,70,107.9,7475.85,False,True,True,True,False,True,True,False,False,False,False,True,False,True,False,True,False,True,False,True,True,False,True,False,True,False,9844-FELAJ,0,0,0.3927577211996279,Medium Risk,0,0.3085872911916687
0,22,89.4,2001.5,True,False,True,True,False,False,True,False,False,False,False,True,False,True,False,False,False,True,False,False,False,False,True,False,True,False,1902-XBTFB,1,1,0.7446269659718562,High Risk,1,0.6858633924866314
0,39,48.95,1880.85,True,False,False,False,True,False,False,False,False,True,False,True,False,False,False,True,False,True,False,False,False,False,True,True,False,False,9039-RBEEE,1,0,0.29159323843939816,Low Risk,0,0.16834228448702254
1,33,80.6,2656.5,False,True,False,True,False,True,True,False,False,False,False,True,False,False,False,False,False,False,False,False,False,False,True,False,False,False,9369-XFEHK,1,1,0.6658979102447187,High Risk,1,0.6010274719011526
0,60,116.6,7049.5,True,False,False,True,False,True,True,False,False,True,False,True,False,True,False,True,False,True,False,True,True,False,True,True,False,False,3680-CTHUH,0,0,0.2848791615343449,Low Risk,0,0.3096144201097419
0,1,19.45,19.45,False,True,True,True,False,False,False,True,True,False,True,False,True,False,True,False,True,False,True,False,False,False,False,False,True,False,3679-XASPY,0,1,0.42055688329892027,Medium Risk,1,0.44674915460561315
0,12,58.35,740.55,False,True,True,True,False,False,False,False,False,False,False,False,False,True,False,False,False,True,False,False,False,False,True,True,False,False,9089-UOWJG,0,1,0.5700165867671924,Medium Risk,0,0.3362769736437155
0,51,19.95,1028.75,False,True,True,True,False,False,False,True,True,False,True,False,True,False,True,False,True,False,True,False,False,True,False,False,False,True,1574-DYCWE,0,0,0.014028276638313165,Low Risk,0,0.004249146480317177
0,22,80.15,1790.65,False,True,True,True,False,False,True,False,False,False,False,False,False,False,False,False,False,False,False,True,False,False,True,False,True,False,9779-DPNEJ,0,1,0.7728889787952768,High Risk,1,0.675754275152592
0,1,18.8,18.8,True,True,True,True,False,False,False,True,True,False,True,False,True,False,True,False,True,False,True,False,True,False,False,False,False,True,2967-MXRAV,0,0,0.20660178574646806,Low Risk,0,0.14663658977583896
0,39,100.0,3835.55,True,True,True,True,False,True,True,False,False,False,False,False,False,True,False,False,False,True,False,True,True,False,False,False,True,False,0327-WFZSY,0,1,0.5587079794470011,Medium Risk,1,0.47789355598483846
0,4,93.5,362.2,False,False,False,True,False,True,True,False,False,False,False,True,False,False,False,True,False,False,False,True,False,False,True,False,True,False,1731-TVIUK,1,1,0.8515128673997439,High Risk,1,0.8229531742976169
0,39,80.45,3201.55,False,False,False,True,False,False,True,False,False,False,False,False,False,True,False,True,False,False,False,False,False,True,True,False,True,False,7666-WKRON,1,0,0.2379419502299165,Low Risk,0,0.24195656254639658
1,69,84.9,5785.65,True,True,False,True,False,True,True,False,False,True,False,True,False,False,False,False,False,False,False,False,False,False,True,True,False,False,3865-ZYKAD,0,0,0.3316529684576573,Medium Risk,0,0.2872807026569579
1,8,64.4,581.7,True,True,False,True,False,False,False,False,False,False,False,False,False,True,False,True,False,False,False,True,False,False,True,True,False,False,1465-LNTLJ,0,1,0.6187685230764306,High Risk,0,0.29403897916898625
0,68,25.05,1629.2,True,True,False,True,False,True,False,True,True,False,True,False,True,False,True,False,True,False,True,False,False,True,False,True,False,False,2696-RZVZW,0,0,0.011224828077460709,Low Risk,0,0.010263811961798451
1,2,70.75,154.85,False,False,False,True,False,False,True,False,False,False,False,False,False,False,False,False,False,False,False,False,False,False,False,False,True,False,0685-MLYYM,1,1,0.8292096179795861,High Risk,1,0.8020501202862272
1,24,39.1,971.3,True,True,False,False,True,False,False,False,False,True,False,False,False,False,False,False,False,False,False,True,False,False,False,False,False,False,2778-OCLGR,1,1,0.4998829769840178,Medium Risk,1,0.5049920864885505
0,42,50.25,2203.65,False,True,False,True,False,True,False,False,False,False,False,False,False,False,False,False,False,False,False,False,False,False,True,False,True,False,3982-XWFZQ,1,1,0.45633385923083397,Medium Risk,0,0.2766638949100364
0,59,80.1,4693.2,False,True,False,True,False,True,False,False,False,False,False,True,False,False,False,True,False,True,False,True,True,False,True,False,True,False,4759-PXTAN,0,0,0.22616775319486618,Low Risk,0,0.14512906502148262
0,1,80.0,80.0,True,True,True,True,False,False,True,False,False,False,False,False,False,False,False,False,False,False,False,True,False,False,False,False,True,False,1448-PWKYE,1,1,0.8243262106612631,High Risk,1,0.8510655074394896
0,46,35.05,1620.25,False,True,True,False,True,False,False,False,False,True,False,True,False,False,False,False,False,False,False,False,False,False,False,False,False,False,8741-LQOBK,0,0,0.14857345190153434,Low Risk,0,0.27569997667253143
0,4,29.65,118.5,True,False,False,False,True,False,False,False,False,False,False,False,False,True,False,False,False,False,False,False,False,False,True,False,True,False,8650-RHRKE,1,1,0.807209470958392,High Risk,1,0.7612860388362086
0,11,20.45,250.8,True,True,True,True,False,False,False,True,True,False,True,False,True,False,True,False,True,False,True,False,False,False,True,False,True,False,7266-GSSJX,0,1,0.40012246031027626,Medium Risk,0,0.1589797438163933
0,59,66.4,3958.2,True,True,False,True,False,False,False,False,False,True,False,True,False,True,False,False,False,True,False,False,True,False,False,True,False,False,1265-HVPZB,0,0,0.07185388273791918,Low Risk,0,0.15186322423779391
0,53,60.6,3297.0,False,True,True,True,False,False,False,False,False,False,False,False,False,True,False,False,False,False,False,True,True,False,False,True,False,False,9640-ZSLDC,0,0,0.09894607975035771,Low Risk,0,0.1321086790825133
0,3,54.2,140.4,False,False,False,True,False,False,False,False,False,False,False,False,False,False,False,False,False,True,False,False,False,False,True,False,True,False,0988-JRWWP,0,1,0.7703621258341401,High Risk,1,0.7102935399115595
0,72,25.25,1841.2,False,True,False,True,False,True,False,True,True,False,True,False,True,False,True,False,True,False,True,False,False,True,True,False,False,False,1926-QUZNN,0,0,0.013090062313975977,Low Risk,0,0.004144860005601247
0,9,18.95,185.6,True,False,False,True,False,False,False,True,True,False,True,False,True,False,True,False,True,False,True,False,False,False,True,False,False,True,9025-ZRPVR,1,0,0.399071681558279,Medium Risk,0,0.12740671929520828
0,24,20.8,469.65,True,True,True,True,False,False,False,True,True,False,True,False,True,False,True,False,True,False,True,False,True,False,True,True,False,False,6527-PZFPV,0,0,0.10811586884863195,Low Risk,0,0.012165212655691215
1,45,86.1,3861.45,False,True,False,True,False,False,True,False,False,False,False,False,False,True,False,False,False,False,False,True,False,False,True,False,True,False,7460-ITWWP,0,1,0.708892127888497,High Risk,1,0.5959170946170068
0,49,40.65,2070.75,False,True,False,False,True,False,False,False,False,True,False,False,False,False,False,False,False,True,False,False,False,False,False,False,False,False,1530-ZTDOZ,0,0,0.2314252095466206,Low Risk,0,0.2265946109666164
0,61,24.4,1417.9,False,True,False,True,False,True,False,True,True,False,True,False,True,False,True,False,True,False,True,False,False,True,False,False,False,True,4785-FCIFB,0,0,0.015471607976314309,Low Risk,0,0.011843398581742019
0,2,70.3,144.0,True,False,False,True,False,False,True,False,False,False,False,False,False,False,False,False,False,False,False,False,False,False,True,False,True,False,9717-QEBGU,0,1,0.8590828394413608,High Risk,1,0.8196942941077426
0,5,85.4,425.9,False,False,False,True,False,False,True,False,False,False,False,False,False,False,False,True,False,False,False,True,False,False,True,True,False,False,0876-WDUUZ,1,1,0.7641822401017085,High Risk,1,0.757070192141557
0,2,42.6,72.4,False,False,False,False,True,False,False,False,False,True,False,True,False,False,False,False,False,False,False,True,False,False,True,False,True,False,7881-EVUAD,1,1,0.7784919228812586,High Risk,1,0.7580690421946681
0,25,81.75,2028.8,True,False,False,True,False,True,False,False,False,True,False,True,False,True,False,True,False,False,False,True,False,False,False,False,False,False,4002-BQWPQ,0,0,0.28025881107012424,Low Risk,0,0.22900369162637696
0,60,106.15,6411.25,False,True,False,True,False,True,True,False,False,False,False,True,False,True,False,False,False,True,False,True,False,False,True,False,True,False,6377-WHAOX,0,1,0.7028355191580717,High Risk,1,0.6279676946007681
0,51,110.05,5686.4,True,True,True,True,False,True,True,False,False,True,False,True,False,False,False,True,False,True,False,True,True,False,False,True,False,False,5027-YOCXN,0,0,0.22547794581777628,Low Risk,0,0.31168803559503483
0,2,56.7,113.55,True,True,True,True,False,True,False,False,False,True,False,False,False,False,False,False,False,False,False,False,False,False,False,False,False,True,8450-JOVAH,1,1,0.47341778519173955,Medium Risk,1,0.4636454118777331
1,62,103.75,6383.35,True,True,False,True,False,True,True,False,False,False,False,True,False,True,False,False,False,True,False,True,True,False,True,False,True,False,6646-QVXLR,1,1,0.5739999313304553,Medium Risk,1,0.48475119613164497
0,52,81.4,4354.45,True,True,False,True,False,True,False,False,False,True,False,True,False,True,False,True,False,False,False,True,True,False,True,True,False,False,0254-KCJGT,0,0,0.11103000007584196,Low Risk,0,0.1809183354524706
0,68,76.9,5023.0,True,False,False,True,False,True,False,False,False,True,False,True,False,True,False,False,False,False,False,True,True,False,True,True,False,False,3442-ZHHCC,0,0,0.08602956368407491,Low Risk,0,0.23563732312139693
0,22,84.15,1821.95,False,False,False,True,False,True,True,False,False,False,False,False,False,False,False,False,False,True,False,False,False,False,True,False,False,False,9167-APMXZ,0,1,0.7835674748068403,High Risk,1,0.633912974364102
1,1,25.05,25.05,True,True,False,False,True,False,False,False,False,False,False,False,False,False,False,False,False,False,False,False,False,False,False,False,True,False,0616-ATFGB,1,1,0.8058327565006512,High Risk,1,0.814277649809336
1,3,41.15,132.2,True,False,False,False,True,False,False,False,False,False,False,False,False,True,False,False,False,False,False,True,False,False,True,False,True,False,7273-TEFQD,1,1,0.8613551458018076,High Risk,1,0.8330825553342631
1,16,96.4,1581.2,False,False,False,True,False,True,True,False,False,False,False,False,False,False,False,False,False,True,False,True,False,False,True,False,True,False,8245-UMPYT,1,1,0.9033815095131019,High Risk,1,0.8127139303821471
1,32,74.4,2276.95,False,False,False,True,False,False,True,False,False,False,False,True,False,False,False,False,False,False,False,False,False,False,True,False,True,False,6022-UGGSO,1,1,0.6996280022883277,High Risk,1,0.6436430471201914
0,50,24.9,1195.25,True,False,False,True,False,True,False,True,True,False,True,False,True,False,True,False,True,False,True,False,False,True,False,False,False,False,6292-TOSSS,0,0,0.023187682618914438,Low Risk,0,0.027020389076709162
0,1,48.75,48.75,True,True,True,True,False,False,False,False,False,True,False,False,False,False,False,False,False,False,False,False,False,False,True,False,False,True,5207-PLSTK,0,1,0.5320230673736333,Medium Risk,1,0.6456760227217039
0,6,83.9,497.55,False,False,False,True,False,False,True,False,False,False,False,False,False,True,False,False,False,False,False,True,False,False,False,False,True,False,3908-BLSYF,1,1,0.8277518255405659,High Risk,1,0.7960018161383998
0,1,50.75,50.75,True,False,False,True,False,False,False,False,False,False,False,True,False,False,False,False,False,False,False,False,False,False,True,False,True,False,4317-VTEOA,1,1,0.707558470101565,High Risk,1,0.7271783217760204
0,29,20.2,558.8,False,True,True,True,False,False,False,True,True,False,True,False,True,False,True,False,True,False,True,False,False,True,False,False,False,True,0625-AFOHS,0,0,0.034439375722737545,Low Risk,0,0.004526785205716948
0,1,19.3,19.3,True,False,False,True,False,False,False,True,True,False,True,False,True,False,True,False,True,False,True,False,False,False,True,False,False,True,4667-OHGKG,1,1,0.479252489705603,Medium Risk,1,0.44839139379101794
0,58,95.3,5817.7,False,False,False,True,False,False,True,False,False,False,False,False,False,False,False,True,False,True,False,True,False,False,True,False,True,False,2386-OWURY,0,1,0.6134406702455961,High Risk,1,0.44515917300444235
1,35,76.05,2747.2,True,True,True,True,False,False,False,False,False,False,False,True,False,False,False,True,False,True,False,True,False,False,True,False,True,False,3780-DDGSE,0,1,0.4745658212571564,Medium Risk,0,0.27484667507245214
0,43,19.55,876.15,True,False,False,True,False,False,False,True,True,False,True,False,True,False,True,False,True,False,True,False,False,True,False,False,False,True,1047-RNXZV,0,0,0.025278184213328125,Low Risk,0,0.01863738735599556
0,41,50.05,2029.05,False,False,False,True,False,False,False,False,False,False,False,False,False,False,False,True,False,False,False,False,True,False,False,False,False,False,3926-YZVVX,0,0,0.09670816442518812,Low Risk,0,0.12588748713534384
0,47,19.3,890.5,False,True,True,True,False,False,False,True,True,False,True,False,True,False,True,False,True,False,True,False,False,True,False,False,False,False,4742-TXUEX,0,0,0.015913778208744945,Low Risk,0,0.012906035300114173
0,33,100.0,3320.6,False,False,False,True,False,True,True,False,False,False,False,True,False,False,False,False,False,True,False,True,False,False,True,False,True,False,8709-KRDVL,0,1,0.8234790494558372,High Risk,1,0.7232680213076089
0,67,20.5,1430.95,True,False,False,True,False,False,False,True,True,False,True,False,True,False,True,False,True,False,True,False,False,True,False,False,False,False,0397-ZXWQF,0,0,0.008667127007964811,Low Risk,0,0.007536911332805524
0,72,19.4,1496.45,False,True,False,True,False,False,False,True,True,False,True,False,True,False,True,False,True,False,True,False,False,True,False,False,False,False,3910-MRQOY,0,0,0.007129719079550591,Low Risk,0,0.013612644559298438
0,50,54.9,2614.1,True,True,True,True,False,True,False,False,False,False,False,False,False,True,False,False,False,False,False,False,True,False,False,False,False,False,2511-MORQY,0,0,0.10302663701534999,Low Risk,0,0.12325894075794205
1,49,49.8,2398.4,True,True,False,True,False,False,False,False,False,False,False,True,False,False,False,False,False,False,False,False,False,True,False,False,False,True,4039-PIMHX,0,0,0.05798174823212195,Low Risk,0,0.10786299564948693
0,4,74.35,265.35,True,False,False,True,False,True,True,False,False,False,False,False,False,False,False,False,False,False,False,False,False,False,True,False,True,False,8083-YTZES,1,1,0.8815406707008351,High Risk,1,0.8618590130878808
0,61,94.15,5731.85,True,True,False,True,False,False,True,False,False,False,False,True,False,True,False,True,False,False,False,True,False,False,False,True,False,False,1346-PJWTK,0,0,0.3156018500917297,Medium Risk,0,0.23083307328784766
0,7,20.65,150.0,True,True,True,True,False,False,False,True,True,False,True,False,True,False,True,False,True,False,True,False,True,False,False,False,False,True,3750-YHRYO,0,0,0.15959977621237836,Low Risk,0,0.04982550170083002
1,14,90.45,1266.1,True,False,False,True,False,False,True,False,False,False,False,False,False,False,False,False,False,True,False,True,False,False,False,True,False,False,1236-WFCDV,1,1,0.7950301362394706,High Risk,1,0.6433199663025456
0,26,73.05,1959.5,False,True,False,True,False,False,False,False,False,False,False,True,False,False,False,True,False,True,False,True,False,False,True,False,True,False,5949-HGVJL,0,1,0.5743883684147707,Medium Risk,0,0.2997692659901417
1,35,70.55,2419.0,False,False,False,True,False,False,True,False,False,False,False,False,False,False,False,False,False,False,False,False,False,False,False,False,True,False,9112-WSNPU,0,1,0.6282064533770916,High Risk,1,0.573636023351171
1,54,99.1,5437.1,False,True,False,True,False,False,True,False,False,False,False,False,False,True,False,True,False,True,False,True,True,False,True,False,True,False,1360-JYXKQ,0,1,0.4998358293501292,Medium Risk,1,0.4043080750650484
0,8,95.65,778.1,False,False,False,True,False,True,True,False,False,False,False,False,False,False,False,False,False,True,False,True,False,False,False,False,False,False,3585-ISXZP,1,1,0.8286790670551638,High Risk,1,0.8454330241658945
0,1,71.65,71.65,True,False,True,True,False,False,True,False,False,False,False,False,False,False,False,False,False,False,False,False,False,False,True,False,True,False,8380-PEFPE,1,1,0.8266886966271776,High Risk,1,0.9038265167552485
0,67,100.25,6689.0,False,True,True,True,False,True,True,False,False,True,False,False,False,True,False,True,False,False,False,True,True,False,True,False,False,False,9402-ROUMJ,0,0,0.17164215712907238,Low Risk,0,0.24007280765695138
0,24,19.75,498.1,False,False,True,True,False,False,False,True,True,False,True,False,True,False,True,False,True,False,True,False,False,True,False,False,False,True,4335-UPJSI,0,0,0.04249474645854382,Low Risk,0,0.027264106941811674
0,64,24.9,1595.5,False,True,True,True,False,True,False,True,True,False,True,False,True,False,True,False,True,False,True,False,True,False,False,False,False,True,6096-EGVTU,0,0,0.02212904078782001,Low Risk,0,0.03199540800824674
1,34,79.6,2718.3,False,True,True,True,False,True,True,False,False,False,False,True,False,False,False,False,False,False,False,False,False,False,True,False,False,True,8988-ECPJR,1,1,0.6251564596269603,High Risk,1,0.47072255290358017
0,8,19.9,153.95,True,True,True,True,False,False,False,True,True,False,True,False,True,False,True,False,True,False,True,False,True,False,False,True,False,False,7677-SJJJK,0,0,0.15000970013517897,Low Risk,0,0.044936842144194446
0,6,20.2,123.65,False,False,False,True,False,False,False,True,True,False,True,False,True,False,True,False,True,False,True,False,False,False,False,False,False,True,5850-BDWCY,0,0,0.3333997213649161,Medium Risk,0,0.20250988251894297
0,13,99.0,1301.7,True,False,False,True,False,True,True,False,False,False,False,False,False,False,False,True,False,True,False,True,False,False,True,False,False,True,2025-JKFWI,1,1,0.8280673561691005,High Risk,1,0.7589056776363328
0,62,24.25,1424.6,True,True,True,True,False,True,False,True,True,False,True,False,True,False,True,False,True,False,True,False,False,True,True,False,False,False,8028-PNXHQ,0,0,0.01617633829849634,Low Risk,0,0.005320953579335689
0,34,100.05,3480.0,True,True,False,True,False,True,True,False,False,False,False,False,False,True,False,False,False,True,False,True,False,False,True,False,True,False,8397-MVTAZ,1,1,0.8441500766849827,High Risk,1,0.7695638684291354
0,9,99.3,918.75,True,False,False,True,False,True,True,False,False,False,False,True,False,False,False,False,False,True,False,True,False,False,True,True,False,False,4445-ZJNMU,0,1,0.8591237135179732,High Risk,1,0.8488115609079349
0,22,20.3,467.15,True,False,False,True,False,False,False,True,True,False,True,False,True,False,True,False,True,False,True,False,True,False,False,True,False,False,3125-RAHBV,0,0,0.1069402279444151,Low Risk,0,0.010764833819288168
0,40,55.25,2139.2,True,False,True,True,False,False,False,False,False,True,False,True,False,False,False,False,False,False,False,False,False,False,True,False,False,True,6682-QJDGB,1,0,0.18493551260682928,Low Risk,0,0.17167465182161246
1,35,100.5,3653.35,False,True,False,True,False,True,True,False,False,True,False,True,False,False,False,True,False,True,False,False,False,False,True,False,False,False,8840-DQLGN,1,1,0.5607231068608837,Medium Risk,0,0.3624702134189712
0,7,23.5,173.0,True,False,False,True,False,True,False,True,True,False,True,False,True,False,True,False,True,False,True,False,False,False,False,False,False,True,6258-NGCNG,0,1,0.40036303866799455,Medium Risk,0,0.17619735737421577
1,32,19.8,587.7,True,False,False,True,False,False,False,True,True,False,True,False,True,False,True,False,True,False,True,False,True,False,False,True,False,False,5917-RYRMG,0,0,0.08367563206470927,Low Risk,0,0.004546578291473603
0,61,19.75,1124.2,True,False,True,True,False,False,False,True,True,False,True,False,True,False,True,False,True,False,True,False,False,True,False,False,False,True,7157-SMCFK,0,0,0.009217941264038635,Low Risk,0,0.12178243245087365
0,2,20.75,44.2,True,False,False,True,False,False,False,True,True,False,True,False,True,False,True,False,True,False,True,False,False,False,False,False,False,True,0816-TSPHQ,0,0,0.37532881940726437,Medium Risk,0,0.19605324048575418
0,56,103.2,5744.35,False,True,False,True,False,True,True,False,False,False,False,False,False,True,False,True,False,True,False,True,False,True,False,False,False,False,6766-HFKLA,0,0,0.2030661754520189,Low Risk,0,0.1581732464445961
1,65,106.25,6979.8,False,True,False,True,False,True,True,False,False,False,False,True,False,True,False,False,False,True,False,True,True,False,True,False,True,False,7067-KSAZT,1,1,0.5414361528037814,Medium Risk,1,0.43142998687273687
0,28,49.9,1410.25,False,True,True,True,False,True,False,False,False,False,False,False,False,False,False,False,False,False,False,False,False,False,False,False,False,True,5155-AZQPB,0,0,0.35629356849040417,Medium Risk,0,0.16213370071104735
0,18,69.5,1199.4,True,False,False,True,False,True,False,False,False,True,False,False,False,True,False,False,False,True,False,False,False,False,False,False,False,True,6890-PFRQX,0,1,0.4580503152732351,Medium Risk,0,0.23084168735232666
0,71,90.55,6239.05,False,True,True,True,False,True,False,False,False,True,False,True,False,True,False,True,False,True,False,True,False,True,True,True,False,False,3508-VLHCZ,0,0,0.03553037122726431,Low Risk,0,0.004693485427697162
0,72,88.6,6201.95,True,False,False,True,False,True,False,False,False,False,False,True,False,True,False,True,False,True,False,True,False,True,True,False,False,False,3649-JPUGY,0,0,0.057990017847654396,Low Risk,0,0.02369156809906918
1,1,76.45,76.45,True,False,False,True,False,True,True,False,False,False,False,False,False,False,False,False,False,False,False,False,False,False,True,False,True,False,9248-OJYKK,1,1,0.899210264161953,High Risk,1,0.9381148368704862
0,1,19.75,19.75,True,False,False,True,False,False,False,True,True,False,True,False,True,False,True,False,True,False,True,False,False,False,False,False,False,True,7239-HZZCX,1,0,0.39324880703225257,Medium Risk,1,0.5889366420238766
0,34,20.35,673.2,False,False,False,True,False,False,False,True,True,False,True,False,True,False,True,False,True,False,True,False,False,False,False,False,False,True,9860-LISIZ,0,0,0.13137920554203578,Low Risk,0,0.04854467199789491
0,8,87.05,762.1,False,False,False,True,False,True,True,False,False,False,False,False,False,False,False,False,False,True,False,False,False,False,True,False,True,False,6979-ZNSFF,1,1,0.8825949144577371,High Risk,1,0.8813692308582434
0,47,106.4,5127.95,False,False,False,True,False,True,True,False,False,False,False,True,False,True,False,False,False,True,False,True,False,False,True,False,True,False,8938-UMKPI,1,1,0.7632882849117819,High Risk,1,0.6334706319285605
0,72,24.05,1709.15,False,True,True,True,False,True,False,True,True,False,True,False,True,False,True,False,True,False,True,False,False,True,True,False,False,False,1820-DJFPH,0,0,0.010560144113091013,Low Risk,0,0.010616245043941474
0,52,25.05,1270.25,False,True,True,True,False,True,False,True,True,False,True,False,True,False,True,False,True,False,True,False,False,True,True,False,False,False,0732-OCQOC,0,0,0.023351293328690133,Low Risk,0,0.025307220730915486
0,3,19.85,64.55,True,False,False,True,False,False,False,True,True,False,True,False,True,False,True,False,True,False,True,False,False,False,False,False,False,True,6776-TLWOI,1,0,0.37262101795362146,Medium Risk,0,0.23087427420166862
0,60,37.7,2288.7,False,True,False,False,True,False,False,False,False,True,False,True,False,False,False,True,False,False,False,False,False,True,False,False,False,False,4940-KHCWD,0,0,0.022968219302023113,Low Risk,0,0.027622693446023482
0,3,96.6,291.9,False,False,False,True,False,True,True,False,False,False,False,False,False,False,False,False,False,True,False,True,False,False,True,False,True,False,9057-SIHCH,1,1,0.91759062240758,High Risk,1,0.9237908689507746
0,19,86.0,1532.45,True,False,False,True,False,True,True,False,False,False,False,False,False,False,False,False,False,False,False,True,False,False,True,False,False,False,9866-QEVEE,1,1,0.7959257040780351,High Risk,1,0.6773933176240632
0,1,69.9,69.9,True,False,False,True,False,False,True,False,False,False,False,False,False,False,False,False,False,False,False,False,False,False,True,False,True,False,5542-TBBWB,0,1,0.86441111281324,High Risk,1,0.924200115558963
0,6,105.3,545.2,False,True,False,True,False,True,True,False,False,False,False,True,False,True,False,False,False,True,False,True,False,False,True,False,True,False,4587-VVTOX,1,1,0.8977314064964179,High Risk,1,0.875395864148271
0,49,59.6,2970.3,True,True,True,True,False,False,False,False,False,True,False,True,False,False,False,True,False,False,False,False,False,False,False,True,False,False,6322-HRPFA,0,0,0.08061074712915617,Low Risk,0,0.1454259681363483
1,22,90.5,1910.6,True,False,False,True,False,True,True,False,False,False,False,False,False,False,False,True,False,True,False,False,False,False,True,False,False,False,6284-AHOOQ,1,1,0.7478530021752018,High Risk,1,0.5444966667866312
0,42,19.05,761.85,False,True,True,True,False,False,False,True,True,False,True,False,True,False,True,False,True,False,True,False,True,False,True,False,True,False,4530-NDRKU,0,0,0.07875601594873508,Low Risk,0,0.043444047629813444
1,46,98.85,4564.9,True,True,False,True,False,True,True,False,False,False,False,False,False,True,False,False,False,True,False,True,False,False,True,False,True,False,1751-NCDLI,0,1,0.8252788824751975,High Risk,1,0.7835887399133434
0,68,39.9,2796.35,True,False,False,False,True,False,False,False,False,False,False,False,False,True,False,False,False,False,False,True,False,False,True,False,False,False,3893-JRNFS,0,0,0.23950940862395542,Low Risk,0,0.3309055061676813
0,2,20.5,38.25,False,False,True,True,False,False,False,True,True,False,True,False,True,False,True,False,True,False,True,False,True,False,False,False,False,False,5857-XRECV,0,0,0.17540873339064725,Low Risk,0,0.1325352382401885
0,0,20.25,1397.475,True,False,True,True,False,False,False,True,True,False,True,False,True,False,True,False,True,False,True,False,False,True,False,False,False,True,3115-CZMZD,0,0,0.14309585884664802,Low Risk,0,0.05409801796173344
0,35,72.25,2568.55,False,True,True,True,False,True,False,False,False,True,False,False,False,True,False,True,False,True,False,False,False,False,False,False,True,False,4489-SNOJF,1,0,0.2994335614489398,Low Risk,0,0.21318183109977534
0,2,19.5,27.55,False,False,False,True,False,False,False,True,True,False,True,False,True,False,True,False,True,False,True,False,False,False,False,False,False,True,1051-GEJLJ,0,0,0.3769586000175761,Medium Risk,1,0.5081348281150223
0,68,62.65,4375.8,True,True,True,True,False,False,False,False,False,True,False,True,False,True,False,True,False,False,False,False,False,True,False,True,False,False,3563-SVYLG,0,0,0.011512325390768324,Low Risk,0,0.025859066904418936
0,16,75.4,1189.4,True,True,False,True,False,True,True,False,False,False,False,False,False,False,False,False,False,False,False,False,False,False,True,False,True,False,4301-VVZKA,0,1,0.8352769885115383,High Risk,1,0.7877118171787238
0,72,110.9,8240.85,True,True,False,True,False,True,True,False,False,True,False,False,False,True,False,True,False,True,False,True,False,True,True,True,False,False,9351-HXDMR,0,0,0.1494662102337909,Low Risk,0,0.10595576397465484
0,37,94.3,3460.95,True,True,False,True,False,True,True,False,False,False,False,False,False,True,False,True,False,True,False,False,False,True,False,False,False,True,5161-XEUVX,0,0,0.23880925633987973,Low Risk,0,0.12054747359221646
0,53,25.55,1336.1,True,True,True,True,False,True,False,True,True,False,True,False,True,False,True,False,True,False,True,False,False,True,False,True,False,False,3088-FVYWK,0,0,0.016499711934133365,Low Risk,0,0.05042220675347834
0,40,83.85,3532.25,False,False,False,True,False,True,True,False,False,False,False,False,False,False,False,False,False,False,False,True,False,False,False,False,False,False,9812-GHVRI,0,1,0.6245451206447359,High Risk,1,0.5182949739966187
0,46,94.15,4408.45,False,False,False,True,False,True,True,False,False,False,False,True,False,True,False,False,False,False,False,True,True,False,True,False,True,False,1370-GGAWX,0,1,0.5485615805344589,Medium Risk,0,0.3693634643216742
0,3,100.95,329.95,True,False,False,True,False,True,True,False,False,False,False,False,False,True,False,False,False,True,False,True,False,False,True,False,True,False,6023-YEBUP,1,1,0.9185854996070029,High Risk,1,0.9195162292222041
0,1,75.3,75.3,False,False,False,True,False,False,True,False,False,False,False,False,False,True,False,False,False,False,False,False,False,False,False,False,True,False,9940-RHLFB,1,1,0.8057797125622084,High Risk,1,0.8257126607368888
0,7,19.25,112.3,True,False,False,True,False,False,False,True,True,False,True,False,True,False,True,False,True,False,True,False,False,False,False,False,True,False,4541-RMRLG,1,1,0.4185816368457441,Medium Risk,0,0.1267605196725784
0,6,30.5,208.7,True,False,False,False,True,False,False,False,False,False,False,True,False,False,False,False,False,False,False,False,False,False,True,True,False,False,2606-RMDHZ,1,1,0.6926646396093389,High Risk,1,0.48965087327527307
0,46,89.15,4245.55,True,False,False,True,False,True,True,False,False,True,False,False,False,False,False,False,False,True,False,False,False,False,True,True,False,False,5575-TPIZQ,0,1,0.5703725241813407,Medium Risk,0,0.39256107677386265
0,54,70.15,3715.65,False,True,False,True,False,True,False,False,False,False,False,False,False,False,False,False,False,True,False,True,True,False,True,True,False,False,9378-FXTIZ,1,0,0.2525095186795784,Low Risk,0,0.1277152366301931
1,15,79.4,1156.1,True,False,False,True,False,False,True,False,False,False,False,False,False,False,False,False,False,False,False,True,False,False,True,False,True,False,4631-OACRM,1,1,0.8631569013152031,High Risk,1,0.7661459442409181
0,3,85.3,264.8,True,False,False,True,False,True,True,False,False,False,False,False,False,False,False,False,False,False,False,True,False,False,True,False,True,False,8593-WHYHV,1,1,0.9058866782502396,High Risk,1,0.9026994616154561
0,70,20.05,1360.25,True,True,True,True,False,False,False,True,True,False,True,False,True,False,True,False,True,False,True,False,False,True,False,True,False,False,1403-GYAFU,0,0,0.0060984645049595035,Low Risk,0,0.0013972265826584873
0,39,100.55,3895.35,True,False,True,True,False,True,True,False,False,False,False,False,False,False,False,True,False,True,False,True,False,True,False,False,False,True,7641-TQFHN,0,0,0.2388577018949062,Low Risk,0,0.16367445724916338
0,2,20.0,38.0,True,True,False,True,False,False,False,True,True,False,True,False,True,False,True,False,True,False,True,False,False,False,False,False,False,True,4237-CLSMM,0,0,0.3851706384002558,Medium Risk,0,0.18068585107111676
0,18,75.6,1395.05,True,False,False,True,False,True,True,False,False,False,False,False,False,False,False,False,False,False,False,False,False,False,True,False,False,False,4360-PNRQB,0,1,0.7593484492524069,High Risk,1,0.5999077021426745
1,72,25.1,1789.9,True,False,False,True,False,True,False,True,True,False,True,False,True,False,True,False,True,False,True,False,False,True,True,True,False,False,5334-AFQJB,0,0,0.01534090889734005,Low Risk,0,0.00987820201294785
0,47,55.3,2654.05,True,False,True,True,False,False,False,False,False,True,False,True,False,False,False,False,False,False,False,False,False,False,True,False,True,False,9308-ANMVE,0,0,0.2051253827195239,Low Risk,0,0.18702902904524948
0,22,19.9,400.3,False,True,True,True,False,False,False,True,True,False,True,False,True,False,True,False,True,False,True,False,False,False,False,False,False,True,3530-VWVGU,0,0,0.1702173801882047,Low Risk,0,0.0694948031020712
0,71,89.9,6457.15,True,True,True,True,False,True,False,False,False,True,False,True,False,True,False,True,False,True,False,True,False,True,False,True,False,False,4674-HGNUA,0,0,0.028307713605528893,Low Risk,0,0.008454372165773643
0,8,74.85,572.45,True,False,False,True,False,True,True,False,False,False,False,False,False,False,False,False,False,False,False,False,False,False,True,False,True,False,3030-YDNRM,0,1,0.8662389730998588,High Risk,1,0.8361380144285777
0,71,19.9,1389.35,False,True,True,True,False,False,False,True,True,False,True,False,True,False,True,False,True,False,True,False,False,True,False,False,False,False,3642-BYHDO,0,0,0.005709394267021312,Low Risk,0,0.002120565424412936
0,53,94.45,5042.75,False,False,False,True,False,False,True,False,False,False,False,True,False,True,False,True,False,False,False,True,True,False,True,True,False,False,0440-UEDAI,0,0,0.2685843970482809,Low Risk,0,0.2792321002066472
1,37,72.25,2575.45,True,True,False,True,False,False,True,False,False,False,False,False,False,False,False,False,False,False,False,False,False,False,True,False,False,False,9819-FBNSV,0,1,0.5964907155759264,Medium Risk,1,0.5599838115058436
0,64,70.15,4480.7,True,True,False,True,False,True,False,False,False,False,False,True,False,False,False,True,False,False,False,True,True,False,True,False,False,True,9289-LBQVU,0,0,0.11477411391256999,Low Risk,0,0.15973860031024978
0,5,48.65,235.2,True,False,True,True,False,False,False,False,False,False,False,False,False,False,False,True,False,False,False,False,False,False,True,False,False,False,4468-YDOVK,0,1,0.4958386468525784,Medium Risk,1,0.5195979308946047
0,60,104.7,6333.8,False,False,False,True,False,True,True,False,False,False,False,True,False,True,False,False,False,True,False,True,False,True,False,False,True,False,2001-EWBQU,0,0,0.2881287714362631,Low Risk,0,0.294550503359954
0,2,50.3,92.75,True,False,False,True,False,False,False,False,False,False,False,True,False,False,False,False,False,False,False,False,False,False,True,False,False,True,9992-UJOEL,0,1,0.6254376005718565,High Risk,1,0.7109501959450186
0,25,54.2,1423.15,False,False,False,False,True,False,False,False,False,False,False,False,False,True,False,True,False,True,False,True,True,False,False,False,True,False,8409-WQJUX,0,1,0.4369906026013003,Medium Risk,0,0.09979987452060407
0,6,19.7,113.5,False,True,True,True,False,False,False,True,True,False,True,False,True,False,True,False,True,False,True,False,False,False,False,False,False,True,3077-RSNTJ,0,0,0.2908999839191052,Low Risk,0,0.15643770468633836
0,60,110.6,6586.85,True,True,True,True,False,True,True,False,False,True,False,False,False,True,False,True,False,True,False,True,False,True,True,False,True,False,6993-YCOBK,0,0,0.2064526560468137,Low Risk,0,0.22064778073603378
0,30,100.2,2983.8,False,False,False,True,False,True,True,False,False,False,False,True,False,False,False,False,False,True,False,True,False,False,True,False,True,False,4817-VYYWS,1,1,0.832324275835217,High Risk,1,0.7294914558375312
0,67,49.35,3321.35,True,False,False,False,True,False,False,False,False,True,False,False,False,True,False,True,False,True,False,False,True,False,True,False,False,False,4702-HDRKD,0,0,0.07450694471580196,Low Risk,0,0.06289445113497984
0,53,24.05,1301.9,True,False,False,True,False,True,False,True,True,False,True,False,True,False,True,False,True,False,True,False,True,False,False,False,False,False,3251-YMVWZ,0,0,0.042524517851761395,Low Risk,0,0.11385011121623657
0,10,55.2,528.35,False,True,True,True,False,False,False,False,False,False,False,False,False,True,False,True,False,False,False,False,False,False,False,True,False,False,4190-MFLUW,1,0,0.3447335871328883,Medium Risk,0,0.2912321990634838
0,1,52.2,52.2,False,False,False,True,False,False,False,False,False,False,False,False,False,False,False,True,False,False,False,False,False,False,True,False,True,False,4678-DVQEO,1,1,0.647551720313624,High Risk,1,0.7335729420398807
0,55,54.55,2978.3,True,True,False,False,True,False,False,False,False,False,False,False,False,True,False,True,False,True,False,True,False,False,True,False,False,False,4701-AHWMW,1,0,0.34945536641181874,Medium Risk,0,0.18884284339878882
0,70,84.7,5991.05,False,False,False,True,False,True,False,False,False,True,False,True,False,True,False,False,False,True,False,True,False,True,False,False,False,True,2987-BJXIK,0,0,0.04790452426356577,Low Risk,0,0.031164099295248746
0,34,50.2,1815.3,False,True,False,True,False,False,False,False,False,False,False,False,False,False,False,True,False,False,False,False,False,False,False,False,False,False,1730-VFMWO,0,0,0.22979693471109625,Low Risk,0,0.17369169727107497
0,68,110.25,7279.35,False,False,False,True,False,True,True,False,False,True,False,True,False,False,False,True,False,True,False,True,False,True,False,True,False,False,1936-UAFEH,0,0,0.09689811159053185,Low Risk,0,0.17682329379757364
0,59,109.15,6557.75,False,True,False,True,False,True,True,False,False,True,False,True,False,True,False,False,False,True,False,True,True,False,True,True,False,False,5140-FOMCQ,0,0,0.36558075592371425,Medium Risk,0,0.31871885712099246
0,9,74.85,708.2,False,False,False,True,False,False,True,False,False,True,False,False,False,False,False,False,False,False,False,False,False,False,True,False,True,False,8778-LMWTJ,0,1,0.7609069566298171,High Risk,1,0.7196723105039546
0,6,80.5,463.05,True,False,False,True,False,False,True,False,False,False,False,False,False,False,False,False,False,True,False,False,False,False,True,True,False,False,9840-DVNDC,1,1,0.817071943916584,High Risk,1,0.7879769383301759
0,50,103.95,5231.3,True,True,False,True,False,True,True,False,False,True,False,False,False,True,False,False,False,True,False,True,True,False,True,False,True,False,8033-VCZGH,0,1,0.5482069390574593,Medium Risk,1,0.5499702957879214
1,72,92.45,6440.25,False,True,True,True,False,True,False,False,False,True,False,True,False,True,False,True,False,True,False,True,False,True,False,True,False,False,8580-QVLOC,1,0,0.027850605378202564,Low Risk,0,0.027637468035829796
1,41,53.95,2215.4,True,True,False,False,True,False,False,False,False,False,False,True,False,True,False,False,False,True,False,True,False,False,True,False,True,False,6128-AQBMT,0,1,0.6543973648533933,High Risk,1,0.5959480944638267
0,4,50.8,202.3,True,False,False,True,False,False,False,False,False,False,False,False,False,False,False,True,False,False,False,False,False,False,True,False,False,True,6257-RJOHI,0,1,0.557681788159135,Medium Risk,1,0.5432214096329688
0,47,40.3,1794.8,True,True,True,False,True,False,False,False,False,True,False,False,False,True,False,True,False,False,False,False,True,False,False,False,True,False,1929-ZCBHE,0,0,0.0906513156742372,Low Risk,0,0.10587746457125784
0,62,94.95,5791.85,True,True,True,True,False,True,True,False,False,True,False,True,False,False,False,False,False,True,False,False,True,False,True,True,False,False,6242-SGYTS,0,0,0.21885391923910635,Low Risk,0,0.1678006416273748
0,18,20.45,357.0,False,True,True,True,False,False,False,True,True,False,True,False,True,False,True,False,True,False,True,False,False,False,False,False,False,True,7010-ZMVBF,0,0,0.1938215503134311,Low Risk,0,0.07527837336354891
0,3,75.85,256.6,False,True,False,True,False,True,True,False,False,False,False,False,False,False,False,False,False,False,False,False,False,False,True,False,True,False,3519-ZKXGG,1,1,0.87928083667859,High Risk,1,0.8800862073463533
0,65,25.1,1725.0,True,False,False,True,False,True,False,True,True,False,True,False,True,False,True,False,True,False,True,False,False,True,True,False,False,False,5666-MBJPT,0,0,0.01797785904502508,Low Risk,0,0.00975982280841442
0,59,85.55,5084.65,True,True,False,True,False,True,True,False,False,False,False,False,False,False,False,False,False,False,False,True,True,False,False,False,True,False,3313-QKNKB,1,1,0.403820884924599,Medium Risk,0,0.29587892437001184
0,60,70.15,4224.7,False,False,False,True,False,False,False,False,False,False,False,True,False,True,False,True,False,True,False,False,True,False,True,True,False,False,7581-EBBOU,0,0,0.08918478593117811,Low Risk,0,0.1312497545768849
0,10,20.55,187.35,False,False,False,True,False,False,False,True,True,False,True,False,True,False,True,False,True,False,True,False,False,False,True,False,False,True,1784-BXEFA,0,0,0.36754884734173254,Medium Risk,0,0.08911710296666767
0,7,38.55,280.0,True,True,True,False,True,False,False,False,False,True,False,True,False,True,False,False,False,False,False,False,False,True,False,False,False,True,7492-TAFJD,0,0,0.17245411696296892,Low Risk,0,0.12458207832035235
0,28,91.0,2626.15,True,False,False,True,False,False,True,False,False,False,False,False,False,True,False,True,False,False,False,True,False,False,False,False,True,False,5213-TWWJU,0,1,0.6445845435144291,High Risk,1,0.44881142508621974
1,29,79.3,2414.55,True,True,False,True,False,True,True,False,False,False,False,False,False,False,False,True,False,False,False,False,False,False,True,False,True,False,3312-ZWLGF,0,1,0.7518984543330105,High Risk,1,0.6166964606743183
0,0,19.7,1397.475,True,True,True,True,False,False,False,True,True,False,True,False,True,False,True,False,True,False,True,False,True,False,True,False,False,True,2923-ARZLG,0,0,0.33106009303682604,Medium Risk,0,0.16509770368899065
0,37,64.65,2347.85,False,False,False,True,False,True,False,False,False,True,False,False,False,False,False,False,False,True,False,False,True,False,False,False,False,False,7032-LMBHI,0,0,0.17030738366147294,Low Risk,0,0.0916526789194936
0,45,24.65,1138.8,False,True,True,True,False,True,False,True,True,False,True,False,True,False,True,False,True,False,True,False,False,True,True,False,False,False,8292-ITGYJ,0,0,0.03165111760639533,Low Risk,0,0.02222753719311191
0,61,79.8,4914.8,True,True,False,True,False,True,False,False,False,False,False,True,False,True,False,False,False,True,False,True,True,False,True,False,True,False,9107-UKCKY,0,0,0.28371500188190646,Low Risk,0,0.23467295413639552
0,64,19.45,1208.6,False,True,False,True,False,False,False,True,True,False,True,False,True,False,True,False,True,False,True,False,False,True,False,True,False,False,6848-HJTXY,0,0,0.009690931738065069,Low Risk,0,0.0056145579770872905
0,63,91.35,5764.7,True,True,True,True,False,True,True,False,False,False,False,True,False,False,False,False,False,False,False,True,True,False,True,False,True,False,4184-VODJZ,0,0,0.3730670212411862,Medium Risk,0,0.3077662081990949
1,37,76.5,2868.15,False,True,False,True,False,True,True,False,False,False,False,False,False,False,False,False,False,False,False,False,False,False,True,False,True,False,4846-WHAFZ,1,1,0.7466443984245723,High Risk,1,0.7067887033860881
1,72,24.3,1778.7,False,True,False,True,False,True,False,True,True,False,True,False,True,False,True,False,True,False,True,False,False,True,False,False,False,False,8735-SDUFN,0,0,0.011144531386941992,Low Risk,0,0.0019850525086822237
0,66,89.9,5958.85,False,True,True,True,False,True,False,False,False,True,False,True,False,True,False,True,False,True,False,True,False,True,False,True,False,False,0839-JTCUD,0,0,0.0310673052482086,Low Risk,0,0.02684793785870454
0,1,95.65,95.65,False,False,False,True,False,True,True,False,False,False,False,False,False,False,False,False,False,True,False,True,False,False,False,False,False,True,6857-VWJDT,1,1,0.8594482972783452,High Risk,1,0.8803593528733987
0,9,79.75,769.1,False,True,False,True,False,False,True,False,False,False,False,False,False,False,False,False,False,False,False,True,False,False,True,False,True,False,7363-QTBIW,0,1,0.8653064045591102,High Risk,1,0.8297287965154018
0,1,25.35,25.35,True,False,False,False,True,False,False,False,False,False,False,False,False,False,False,False,False,False,False,False,False,False,False,False,False,True,6158-HDPXZ,0,1,0.7097090997317821,High Risk,1,0.7248976855675966
1,4,99.8,442.85,False,False,False,True,False,False,True,False,False,False,False,True,False,True,False,False,False,True,False,True,False,False,True,True,False,False,5419-CONWX,1,1,0.853287334618828,High Risk,1,0.8284081847802499
1,38,74.95,2869.85,False,True,False,True,False,True,True,False,False,False,False,False,False,False,False,False,False,False,False,False,False,False,True,False,False,False,9286-DOJGF,1,1,0.6653763673795499,High Risk,1,0.5869322833616248
0,44,61.9,2924.05,True,True,True,True,False,False,False,False,False,False,False,True,False,True,False,True,False,False,False,False,False,False,True,False,False,True,2408-PSJVE,0,0,0.17877716914238007,Low Risk,0,0.18696407097338452
0,22,54.7,1178.75,False,True,False,True,False,False,False,False,False,False,False,True,False,True,False,False,False,False,False,False,False,False,True,False,False,True,2087-QAREY,0,1,0.44143466937271764,Medium Risk,0,0.3320206859625111
0,53,106.95,5785.5,False,False,False,True,False,True,True,False,False,True,False,False,False,True,False,False,False,True,False,True,True,False,True,True,False,False,6777-TGHTM,1,1,0.4052397197467779,Medium Risk,1,0.422342043308155
1,23,90.45,2117.25,True,True,False,True,False,False,True,False,False,False,False,False,False,False,False,False,False,True,False,True,False,False,True,False,True,False,6507-ZJSUR,0,1,0.8663925790759942,High Risk,1,0.7238030020453917
0,20,18.9,347.65,False,False,False,True,False,False,False,True,True,False,True,False,True,False,True,False,True,False,True,False,False,False,True,True,False,False,5025-GOOKI,0,0,0.27442186524654016,Low Risk,0,0.11700550469251669
0,51,24.75,1234.6,True,False,False,True,False,True,False,True,True,False,True,False,True,False,True,False,True,False,True,False,False,True,False,False,False,True,6080-LNESI,0,0,0.023610591852386894,Low Risk,0,0.020779415605019513
0,62,20.65,1218.45,True,True,True,True,False,False,False,True,True,False,True,False,True,False,True,False,True,False,True,False,False,True,False,True,False,False,2236-HILPA,0,0,0.008403295405098899,Low Risk,0,0.001686496236276465
0,7,18.95,130.55,True,False,False,True,False,False,False,True,True,False,True,False,True,False,True,False,True,False,True,False,False,False,True,False,False,True,1386-ZIKUV,0,1,0.4188226125579703,Medium Risk,0,0.14492382275981655
0,17,83.55,1329.15,False,False,False,True,False,False,True,False,False,False,False,True,False,False,False,False,False,True,False,False,False,False,True,False,True,False,3365-SAIGS,0,1,0.8081944527303628,High Risk,1,0.7596402413787655
0,41,70.2,2894.55,True,False,True,True,False,False,False,False,False,True,False,True,False,True,False,False,False,True,False,False,True,False,False,False,False,True,6061-GWWAV,0,0,0.09382456753510603,Low Risk,0,0.14078630108530985
0,7,94.05,633.45,False,False,False,True,False,False,True,False,False,False,False,True,False,False,False,False,False,True,False,True,True,False,True,False,False,True,9979-RGMZT,0,1,0.7119533963508702,High Risk,1,0.6168631749755175
0,1,50.05,50.05,True,False,True,True,False,True,False,False,False,False,False,False,False,False,False,False,False,False,False,False,False,False,True,False,True,False,8445-DNBAE,0,1,0.7455825604584226,High Risk,1,0.726757048047692
0,64,58.35,3756.45,False,True,False,True,False,True,False,False,False,False,False,False,False,True,False,True,False,False,False,False,True,False,False,False,False,False,6872-HXFNF,0,0,0.0640182586618191,Low Risk,0,0.05880572918660004
0,3,75.5,220.6,False,False,False,True,False,True,True,False,False,False,False,False,False,False,False,False,False,False,False,False,False,False,True,False,True,False,1320-HTRDR,1,1,0.8778928152265912,High Risk,1,0.8747221428622511
1,50,71.05,3444.85,False,True,False,True,False,False,True,False,False,False,False,False,False,False,False,False,False,False,False,False,False,False,True,False,True,False,3923-CSIHK,1,1,0.5930411778110384,Medium Risk,1,0.579604891223188
0,18,56.8,1074.65,True,True,False,True,False,True,False,False,False,False,False,True,False,False,False,False,False,False,False,False,False,False,False,True,False,False,2446-ZKVAF,0,1,0.4465409824227671,Medium Risk,0,0.296005289038031
0,13,55.95,734.35,False,True,True,True,False,False,False,False,False,False,False,False,False,False,False,False,False,False,False,True,False,False,False,False,True,False,4640-UHDOS,1,1,0.571291875227852,Medium Risk,1,0.4972819209109146
0,69,80.65,5542.55,True,True,True,True,False,False,False,False,False,True,False,True,False,False,False,True,False,True,False,True,False,True,False,False,False,False,5457-COLHT,0,0,0.02093719445172479,Low Risk,0,0.023821313063535177
0,1,79.15,79.15,False,False,False,True,False,True,True,False,False,False,False,True,False,False,False,False,False,False,False,False,False,False,True,False,False,True,2254-DLXRI,0,1,0.8278030476003879,High Risk,1,0.8777341905405884
0,4,90.65,367.95,True,False,False,True,False,True,True,False,False,True,False,False,False,False,False,False,False,True,False,False,False,False,False,False,True,False,5339-PXDVH,0,1,0.8084869390446344,High Risk,1,0.6524161607507474
0,1,53.5,53.5,True,False,False,True,False,False,False,False,False,False,False,False,False,False,False,False,False,True,False,False,False,False,True,False,False,True,2386-LAHRK,1,1,0.7297196195864749,High Risk,1,0.7606245117905055
0,25,53.65,1355.45,True,True,True,True,False,False,False,False,False,False,False,True,False,True,False,False,False,False,False,False,True,False,False,False,False,True,5062-CJJKH,0,0,0.17268884931491266,Low Risk,0,0.20463247575978763
0,18,55.95,1082.8,False,True,True,True,False,False,False,False,False,False,False,False,False,False,False,False,False,True,False,False,False,False,False,False,False,True,8930-XOTDP,0,1,0.4383941267630445,Medium Risk,0,0.32679676227744753
0,48,23.55,1173.35,True,True,True,True,False,True,False,True,True,False,True,False,True,False,True,False,True,False,True,False,False,True,False,False,False,True,4779-ZGICK,0,0,0.022595738237729954,Low Risk,0,0.006667658396945903
0,26,20.65,595.5,True,False,False,True,False,False,False,True,True,False,True,False,True,False,True,False,True,False,True,False,True,False,True,True,False,False,9534-NSXEM,0,0,0.12361448743097926,Low Risk,0,0.0027263235395736836
0,1,69.1,69.1,True,False,False,True,False,False,True,False,False,False,False,False,False,False,False,False,False,False,False,False,False,False,True,False,True,False,3716-BDVDB,1,1,0.867569764839356,High Risk,1,0.9015987217773892
0,4,57.2,223.75,False,False,True,False,True,False,False,False,False,True,False,True,False,True,False,False,False,True,False,True,False,False,True,False,False,True,9842-EFSYY,0,1,0.6894522975823429,High Risk,0,0.39667738518842327
0,1,20.3,20.3,True,False,False,True,False,False,False,True,True,False,True,False,True,False,True,False,True,False,True,False,False,False,False,False,False,True,9122-UMROB,0,0,0.38879284182247453,Medium Risk,1,0.43160850343391616
0,11,74.35,834.2,True,True,True,True,False,True,True,False,False,False,False,False,False,False,False,False,False,False,False,False,False,False,True,False,True,False,1867-BDVFH,1,1,0.830236254615503,High Risk,1,0.7951262442390847
0,4,61.45,229.55,True,True,True,True,False,False,False,False,False,False,False,False,False,False,False,True,False,False,False,True,False,False,False,True,False,False,5949-EBSQK,1,1,0.46428886290524507,Medium Risk,0,0.3735120389414032
1,8,19.65,164.3,False,False,False,True,False,False,False,True,True,False,True,False,True,False,True,False,True,False,True,False,False,False,False,False,True,False,4160-AMJTL,1,1,0.43605121208724196,Medium Risk,0,0.2067257219041606
0,6,90.75,512.25,False,True,False,True,False,True,True,False,False,False,False,True,False,False,False,False,False,False,False,True,False,False,True,False,True,False,8622-ZLFKO,0,1,0.8789515128742055,High Risk,1,0.8909827159891971
0,72,92.0,6632.75,True,False,False,True,False,True,False,False,False,True,False,True,False,True,False,True,False,True,False,True,False,True,False,False,False,False,2990-IAJSV,0,0,0.03220640848851079,Low Risk,0,0.007613719380975221
0,27,52.85,1498.65,False,False,False,True,False,False,False,False,False,True,False,True,False,False,False,False,False,False,False,False,False,True,False,False,False,False,6064-ZATLR,0,0,0.07147161414454675,Low Risk,0,0.06519170314905073
1,1,71.0,71.0,False,False,True,True,False,False,True,False,False,False,False,False,False,False,False,False,False,False,False,False,False,False,True,False,True,False,7409-KIUTL,1,1,0.8462179746972288,High Risk,1,0.8895959975033572
0,17,20.15,353.65,False,False,False,True,False,False,False,True,True,False,True,False,True,False,True,False,True,False,True,False,True,False,False,False,False,True,5505-OVWQW,0,0,0.13158435341572985,Low Risk,0,0.05333294487665354
0,66,68.75,4447.55,True,False,False,True,False,True,False,False,False,True,False,True,False,True,False,True,False,False,False,False,False,True,False,False,False,False,3948-KXDUF,0,0,0.019213290907942618,Low Risk,0,0.030798448235070927
0,53,19.5,1050.5,True,False,False,True,False,False,False,True,True,False,True,False,True,False,True,False,True,False,True,False,False,True,False,True,False,False,9814-AOUDH,0,0,0.015772701282682697,Low Risk,0,0.07085301570141173
0,44,84.8,3626.35,True,True,False,True,False,True,True,False,False,True,False,False,False,True,False,False,False,False,False,False,False,False,True,True,False,False,7398-LXGYX,0,1,0.49376062790014247,Medium Risk,0,0.37732019446497767
0,52,20.85,1071.6,True,True,True,True,False,False,False,True,True,False,True,False,True,False,True,False,True,False,True,False,True,False,True,True,False,False,5266-PFRQK,0,0,0.03585974681718748,Low Risk,0,0.00927392253327721
1,70,90.05,6333.4,True,True,False,True,False,True,False,False,False,True,False,True,False,True,False,True,False,True,False,True,False,True,False,True,False,False,1568-BEKZM,0,0,0.041613680011959656,Low Risk,0,0.0327250705318365
0,1,25.75,25.75,False,False,False,True,False,True,False,True,True,False,True,False,True,False,True,False,True,False,True,False,False,False,True,False,False,True,2692-PFYTJ,0,1,0.5177347441366364,Medium Risk,0,0.21712806411846325
0,61,94.1,5638.3,True,True,False,True,False,True,True,False,False,False,False,True,False,False,False,True,False,True,False,False,False,True,True,False,True,False,2533-QVMSK,1,0,0.22381685342332755,Low Risk,0,0.12773422566475878
0,19,100.95,1875.55,True,True,True,True,False,True,True,False,False,False,False,False,False,False,False,True,False,True,False,True,True,False,True,False,True,False,5828-AVIPD,1,1,0.6793067280400351,High Risk,1,0.5442461302657223
0,11,20.6,233.9,False,True,True,True,False,False,False,True,True,False,True,False,True,False,True,False,True,False,True,False,True,False,False,False,False,True,2907-ILJBN,0,0,0.13460835206803237,Low Risk,0,0.09944806544869314
0,26,85.75,2146.5,True,False,False,True,False,False,True,False,False,False,False,True,False,False,False,False,False,True,False,False,False,False,True,False,True,False,5226-NOZFC,0,1,0.7591056382661127,High Risk,1,0.7370046127599307
0,60,19.85,1128.1,False,False,False,True,False,False,False,True,True,False,True,False,True,False,True,False,True,False,True,False,False,True,False,False,False,False,7114-AEOZE,0,0,0.011131258202537592,Low Risk,0,0.03605380285092121
0,1,84.85,84.85,True,False,False,True,False,False,True,False,False,False,False,False,False,True,False,False,False,True,False,False,False,False,True,False,True,False,2202-CUYXZ,1,1,0.8833618306051075,High Risk,1,0.9100854486971569
0,26,92.4,2349.8,True,False,False,True,False,True,True,False,False,True,False,True,False,False,False,False,False,True,False,False,False,False,True,True,False,False,3466-RITXD,0,1,0.6710434878007315,High Risk,1,0.576206382948987
1,24,80.5,2088.45,True,False,False,True,False,True,True,False,False,False,False,True,False,False,False,False,False,False,False,False,False,False,True,False,True,False,7278-CKDNC,0,1,0.8035161485845874,High Risk,1,0.7817612098484955
0,22,100.05,2090.25,True,True,True,True,False,False,True,False,False,False,False,True,False,True,False,False,False,True,False,True,True,False,True,False,False,True,1956-YIFGE,0,1,0.5616394558704577,Medium Risk,1,0.4255831403152339
0,51,98.85,4947.55,False,True,False,True,False,True,True,False,False,False,False,False,False,True,False,False,False,True,False,True,True,False,True,False,True,False,0422-UXFAP,0,1,0.6185585884536708,High Risk,1,0.5237894611912078
1,61,85.55,5251.75,True,True,False,True,False,True,True,False,False,False,False,True,False,False,False,True,False,False,False,False,True,False,True,False,False,False,3733-UOCWF,0,0,0.24531645895864404,Low Risk,0,0.15647225198517575
0,44,54.3,2390.45,True,True,False,False,True,False,False,False,False,False,False,True,False,True,False,False,False,True,False,True,False,True,False,False,False,False,7191-ADRGF,0,0,0.14049606200618295,Low Risk,0,0.20354548418452154
0,0,80.85,1397.475,False,True,True,True,False,False,False,False,False,True,False,True,False,True,False,False,False,True,False,True,False,True,False,False,False,True,5709-LVOEQ,0,0,0.2352371591734189,Low Risk,0,0.10688539606315281
0,5,75.65,399.45,False,False,False,True,False,False,True,False,False,False,False,False,False,False,False,True,False,False,False,False,False,False,True,False,False,True,6034-YMTOB,0,1,0.7254143748177484,High Risk,1,0.7006742989268571
0,1,78.8,78.8,False,True,False,True,False,False,True,False,False,False,False,False,False,False,False,False,False,True,False,False,False,False,False,False,True,False,6372-RFVNS,1,1,0.8530154191790812,High Risk,1,0.9069951469948876
0,26,61.55,1581.95,True,False,False,True,False,True,False,False,False,True,False,True,False,False,False,False,False,False,False,False,True,False,False,False,True,False,9052-DHNKM,0,0,0.22361868176850883,Low Risk,0,0.14195772335366025
0,15,84.35,1302.65,False,False,False,True,False,True,True,False,False,True,False,False,False,True,False,False,False,False,False,False,False,False,True,True,False,False,5609-IMCGG,0,1,0.690789754895945,High Risk,1,0.5504279494005047
0,4,80.35,307.4,True,True,False,True,False,False,True,False,False,False,False,False,False,False,False,False,False,True,False,False,False,False,True,False,True,False,2959-MJHIC,1,1,0.8788170993332829,High Risk,1,0.8559737179125426
0,12,84.6,959.9,True,True,False,True,False,False,True,False,False,True,False,True,False,True,False,False,False,False,False,False,False,False,True,False,True,False,1319-YLZJG,0,1,0.714211013263545,High Risk,1,0.7248646216133745
0,1,49.9,49.9,True,False,True,True,False,False,False,False,False,False,False,False,False,False,False,True,False,False,False,False,False,False,True,False,False,True,7623-TRNQN,1,1,0.534913767341113,Medium Risk,1,0.5102904127785904
0,22,57.95,1271.8,True,True,True,True,False,False,False,False,False,True,False,True,False,False,False,True,False,False,False,False,False,False,True,False,False,True,0377-JBKKT,0,0,0.25210548488513135,Low Risk,0,0.20820908539897956
0,49,49.65,2409.9,True,True,False,False,True,False,False,False,False,False,False,True,False,False,False,False,False,True,False,True,False,True,False,True,False,False,1936-CZAKF,0,0,0.11873760592824437,Low Risk,0,0.16423622800337845
0,13,19.75,265.75,True,False,False,True,False,False,False,True,True,False,True,False,True,False,True,False,True,False,True,False,False,True,False,False,False,True,5063-IUOKK,0,0,0.08411390732931791,Low Risk,0,0.05467404823092686
0,66,90.55,6130.95,False,True,False,True,False,True,True,False,False,False,False,True,False,True,False,True,False,False,False,False,True,False,True,False,False,False,8646-JCOMS,0,0,0.1968011589556477,Low Risk,0,0.15141791817957923
0,62,39.0,2337.45,True,True,False,False,True,False,False,False,False,False,False,False,False,False,False,True,False,True,False,False,False,True,True,False,False,False,0979-MOZQI,0,0,0.0627177587591488,Low Risk,0,0.06378177457025937
0,66,63.3,4189.7,True,True,True,True,False,True,False,False,False,False,False,False,False,True,False,False,False,True,False,False,False,True,True,False,False,False,1525-LNLOJ,0,0,0.06378772466061754,Low Risk,0,0.06310046233230986
0,3,35.2,108.95,False,False,False,False,True,False,False,False,False,False,False,False,False,False,False,False,False,True,False,False,False,False,False,True,False,False,5759-RCVCB,1,1,0.7220544864016986,High Risk,1,0.5064373500551375
0,63,68.8,4111.35,True,False,False,True,False,True,False,False,False,True,False,True,False,True,False,True,False,False,False,False,True,False,False,False,False,False,9968-FFVVH,0,0,0.04107015208492857,Low Risk,0,0.07575563078832151
0,15,19.35,278.85,True,True,True,True,False,False,False,True,True,False,True,False,True,False,True,False,True,False,True,False,False,True,False,False,False,True,2266-FUBDZ,0,0,0.06429916575586091,Low Risk,0,0.020555786774969394
0,43,94.1,4107.3,False,True,False,True,False,True,True,False,False,True,False,True,False,False,False,False,False,False,False,True,False,False,True,False,True,False,4760-THGOT,0,1,0.655969252873529,High Risk,1,0.5140139771061628
1,65,109.05,7108.2,True,False,False,True,False,True,True,False,False,True,False,False,False,True,False,True,False,True,False,True,False,True,True,False,True,False,2307-FYNNL,0,0,0.25913887258821633,Low Risk,0,0.34106074675689285
0,2,85.7,169.8,False,False,False,True,False,True,True,False,False,False,False,False,False,False,False,False,False,False,False,True,False,False,True,False,True,False,1143-NMNQJ,1,1,0.9042192296978434,High Risk,1,0.9138569048473314
0,14,50.1,709.5,False,False,False,True,False,False,False,False,False,True,False,False,False,False,False,False,False,False,False,False,False,False,False,False,False,False,1629-DQQVB,0,0,0.3562911653850146,Medium Risk,0,0.35535602049112763
0,68,109.05,7508.55,False,True,True,True,False,True,True,False,False,True,False,False,False,True,False,True,False,True,False,True,False,True,True,False,False,False,3766-EJLFL,0,0,0.1295690168532774,Low Risk,0,0.19884298672209622
0,20,19.6,356.15,True,False,False,True,False,False,False,True,True,False,True,False,True,False,True,False,True,False,True,False,False,False,True,True,False,False,8457-XIGKN,0,0,0.27645026076901763,Low Risk,0,0.10038540921381138
0,57,65.2,3687.85,False,True,True,True,False,True,False,False,False,True,False,True,False,False,False,True,False,False,False,False,False,False,False,False,False,False,4981-FLTMF,0,0,0.07778251710637965,Low Risk,0,0.07638857344584168
0,72,19.8,1468.75,True,False,False,True,False,False,False,True,True,False,True,False,True,False,True,False,True,False,True,False,False,True,True,True,False,False,7606-BPHHN,0,0,0.009882904390663876,Low Risk,0,0.009516937209728777
0,6,84.4,556.35,True,False,False,True,False,False,True,False,False,False,False,True,False,False,False,False,False,False,False,True,False,False,True,False,True,False,7005-CCBKV,1,1,0.860371557360563,High Risk,1,0.8466480750803634
0,53,73.9,3958.25,True,False,False,True,False,True,False,False,False,False,False,True,False,True,False,True,False,False,False,True,False,True,True,False,False,False,4648-YPBTM,0,0,0.08088846517251835,Low Risk,0,0.04757162614815785
0,57,70.1,3913.3,False,True,True,True,False,False,False,False,False,True,False,False,False,False,False,False,False,True,False,True,True,False,True,False,False,False,2325-ZUSFD,1,0,0.11193948328728075,Low Risk,0,0.08933651245069028
0,1,20.1,20.1,True,False,False,True,False,False,False,True,True,False,True,False,True,False,True,False,True,False,True,False,False,False,True,False,False,True,1240-KNSEZ,1,1,0.4724637372049768,Medium Risk,1,0.7668825294127958
0,15,49.0,749.25,True,False,False,True,False,True,False,False,False,False,False,False,False,False,False,False,False,False,False,False,False,False,True,False,True,False,0430-IHCDJ,0,1,0.6975858035931121,High Risk,1,0.6806397359648425
1,40,79.2,3233.85,False,False,False,True,False,False,True,False,False,True,False,True,False,False,False,False,False,False,False,False,False,False,True,True,False,False,7957-RYHQD,1,1,0.46352892714539756,Medium Risk,1,0.5199097797858895
0,71,53.95,3888.65,True,False,False,False,True,False,False,False,False,True,False,True,False,True,False,True,False,True,False,False,False,True,False,False,False,False,6164-HAQTX,0,0,0.0221691138296695,Low Risk,0,0.016892712669481464
1,13,45.3,528.45,False,True,False,False,True,False,False,False,False,False,False,False,False,False,False,False,False,True,False,True,False,False,False,False,True,False,0749-IRGQE,0,1,0.8003487483158179,High Risk,1,0.6594844770445605
0,72,91.15,6637.9,False,True,False,True,False,True,False,False,False,True,False,True,False,True,False,True,False,True,False,True,False,True,True,False,False,False,1227-UDMZR,0,0,0.04511929737926061,Low Risk,0,0.00647737074464239
0,52,95.7,4976.15,False,True,True,True,False,True,True,False,False,False,False,True,False,True,False,False,False,True,False,False,True,False,True,True,False,False,5473-KHBPS,0,0,0.3408049721319423,Medium Risk,0,0.2202043453252926
0,63,81.15,5224.5,False,True,False,True,False,False,True,False,False,True,False,False,False,True,False,False,False,False,False,False,True,False,True,True,False,False,5297-MDOIR,0,0,0.16538956487131942,Low Risk,0,0.11643877253816863
0,29,19.1,529.5,True,False,False,True,False,False,False,True,True,False,True,False,True,False,True,False,True,False,True,False,True,False,False,False,False,True,8873-TMKGR,0,0,0.08772837306145251,Low Risk,0,0.0048681382124651
0,29,100.55,2878.75,False,False,False,True,False,True,True,False,False,False,False,False,False,True,False,False,False,True,False,True,False,False,False,False,False,False,6481-ESCNL,0,1,0.7297855495983657,High Risk,1,0.5993177888032432
0,3,20.75,67.1,True,False,False,True,False,False,False,True,True,False,True,False,True,False,True,False,True,False,True,False,False,False,True,True,False,False,0463-WZZKO,0,1,0.4331310425752174,Medium Risk,0,0.19912394744072012
0,19,20.6,414.95,True,True,True,True,False,False,False,True,True,False,True,False,True,False,True,False,True,False,True,False,False,False,False,False,False,True,1038-RQOST,0,0,0.19269227403241032,Low Risk,0,0.03974234616836862
0,61,99.9,6241.35,True,True,True,True,False,True,True,False,False,False,False,False,False,True,False,False,False,True,False,True,True,False,True,False,True,False,4937-QPZPO,0,1,0.5138967688240235,Medium Risk,1,0.5257867157052619
0,10,54.25,583.0,False,False,False,True,False,False,False,False,False,False,False,False,False,True,False,True,False,False,False,False,False,False,False,False,True,False,3604-WLABM,0,1,0.5041357664911812,Medium Risk,1,0.45898029413434005
0,67,109.7,7344.45,False,True,False,True,False,True,True,False,False,False,False,True,False,True,False,True,False,True,False,True,True,False,True,True,False,False,1360-XFJMR,0,0,0.3297611646311863,Medium Risk,0,0.3007113926863791
0,42,19.55,839.4,True,False,False,True,False,False,False,True,True,False,True,False,True,False,True,False,True,False,True,False,True,False,True,False,False,True,8717-VCTXJ,0,0,0.07155111479839024,Low Risk,0,0.02485606863399397
0,1,75.7,75.7,False,False,False,True,False,False,True,False,False,False,False,True,False,False,False,False,False,False,False,False,False,False,True,False,True,False,5196-SGOAK,1,1,0.8361949077576798,High Risk,1,0.9034233816343108
0,5,84.0,424.75,False,False,False,True,False,True,True,False,False,False,False,False,False,False,False,False,False,True,False,False,False,False,True,False,True,False,8739-XNIKG,0,1,0.8993908341715416,High Risk,1,0.8843979561652948
0,20,19.5,403.15,False,False,False,True,False,False,False,True,True,False,True,False,True,False,True,False,True,False,True,False,True,False,False,False,False,True,2320-TZRRH,0,0,0.11979858484234329,Low Risk,0,0.03039340491190639
1,1,69.5,69.5,True,False,False,True,False,False,True,False,False,False,False,False,False,False,False,False,False,False,False,False,False,False,True,False,False,False,5186-SAMNZ,1,1,0.8346505740474118,High Risk,1,0.8647671388304773
0,6,78.95,494.95,True,False,False,True,False,False,True,False,False,True,False,True,False,False,False,False,False,False,False,False,False,False,True,False,True,False,5760-FXFVO,0,1,0.7598901146302609,High Risk,1,0.748849958321533
0,34,106.35,3549.25,True,False,False,True,False,True,True,False,False,False,False,True,False,True,False,False,False,True,False,True,False,False,True,False,True,False,5380-WJKOV,1,1,0.8143323454952806,High Risk,1,0.7005873093914627
0,21,19.6,390.4,True,False,False,True,False,False,False,True,True,False,True,False,True,False,True,False,True,False,True,False,False,True,False,False,False,True,4703-MQYKT,0,0,0.06124608081892514,Low Risk,0,0.02371306752762899
0,46,108.65,4903.2,True,False,False,True,False,True,True,False,False,False,False,True,False,True,False,True,False,True,False,True,False,True,False,False,True,False,2001-MCUUW,0,0,0.3011048644356285,Medium Risk,0,0.2980913570551112
0,34,97.7,3410.0,True,True,True,True,False,True,True,False,False,False,False,True,False,False,False,False,False,True,False,True,False,False,True,False,False,False,4947-DSMXK,0,1,0.7330248639857364,High Risk,1,0.6223127156282601
0,29,45.0,1242.45,True,False,True,False,True,False,False,False,False,True,False,True,False,True,False,True,False,False,False,False,False,False,True,False,False,True,0076-LVEPS,0,0,0.26208798364426616,Low Risk,0,0.17436182708665118
0,27,80.65,2209.75,True,True,True,True,False,False,True,False,False,True,False,True,False,False,False,False,False,False,False,False,True,False,True,True,False,False,5566-SOEZD,0,0,0.29522575291354086,Low Risk,0,0.2051703432847193
0,72,89.8,6510.45,False,True,True,True,False,True,False,False,False,True,False,True,False,True,False,True,False,True,False,True,False,True,False,True,False,False,7408-OFWXJ,0,0,0.026590800694101614,Low Risk,0,0.005404060824144126
0,42,54.55,2455.05,False,False,False,True,False,False,False,False,False,True,False,False,False,True,False,False,False,False,False,False,False,False,False,True,False,False,1097-FSPVW,0,0,0.1733731053777917,Low Risk,0,0.2108181045860733
1,27,78.05,2135.5,False,False,False,True,False,True,True,False,False,False,False,False,False,True,False,False,False,False,False,False,False,False,True,False,True,False,4412-YLTKF,1,1,0.8091077504575859,High Risk,1,0.6714661142800811
0,66,66.1,4428.45,True,True,False,True,False,True,False,False,False,True,False,True,False,True,False,False,False,False,False,False,False,True,True,True,False,False,0420-TXVSG,0,0,0.03527756096015264,Low Risk,0,0.05185170171295725
0,2,75.55,166.3,False,False,False,True,False,True,True,False,False,False,False,False,False,False,False,False,False,False,False,False,False,False,True,False,True,False,7817-BOQPW,1,1,0.8814387808285417,High Risk,1,0.8747576443069539
0,32,96.2,3183.4,True,False,False,True,False,False,True,False,False,False,False,False,False,False,False,True,False,True,False,True,False,False,True,False,True,False,0963-ZBDRN,1,1,0.7541476307999571,High Risk,1,0.619992713319672
1,14,74.95,1036.75,True,False,False,True,False,True,True,False,False,False,False,False,False,False,False,False,False,False,False,False,False,False,True,False,True,False,9685-WKZGT,1,1,0.8624460682736,High Risk,1,0.830954872895621
0,19,89.95,1682.4,True,False,False,True,False,False,True,False,False,False,False,False,False,True,False,True,False,True,False,False,False,False,False,False,False,True,2139-FQHLM,0,1,0.6170779712828048,High Risk,1,0.41929225466214326
0,48,64.4,3035.35,True,False,True,True,False,True,False,False,False,True,False,True,False,True,False,False,False,False,False,False,True,False,True,False,False,False,5825-XJOCM,0,0,0.09656771580607781,Low Risk,0,0.13078566414820345
0,4,73.9,280.85,True,False,False,True,False,False,True,False,False,False,False,False,False,True,False,False,False,False,False,False,False,False,True,False,True,False,0004-TLHLJ,1,1,0.8509118884372642,High Risk,1,0.7850551052521475
1,57,89.85,4925.35,True,True,False,True,False,True,True,False,False,False,False,True,False,False,False,False,False,False,False,True,False,False,True,False,True,False,7529-ZDFXI,0,1,0.6791492090059803,High Risk,1,0.5173415358647994
0,58,75.2,4300.8,True,True,True,True,False,False,False,False,False,False,False,True,False,False,False,True,False,True,False,True,True,False,True,True,False,False,6848-YLDFR,0,0,0.10870089166375603,Low Risk,0,0.16138337550686677
1,56,68.45,4014.0,False,True,False,True,False,True,False,False,False,True,False,True,False,True,False,True,False,False,False,False,True,False,True,True,False,False,5820-PTRYM,0,0,0.08625065586527857,Low Risk,0,0.10808592630511325
0,69,19.75,1375.4,False,True,True,True,False,False,False,True,True,False,True,False,True,False,True,False,True,False,True,False,False,True,False,False,False,False,2984-RGEYA,0,0,0.00627815124405124,Low Risk,0,0.00866326764050023
0,10,53.7,521.0,True,True,True,False,True,False,False,False,False,True,False,True,False,True,False,True,False,False,False,True,False,True,False,True,False,False,6434-TTGJP,0,0,0.1382586873138217,Low Risk,0,0.046113068894311146
0,3,80.0,241.3,False,True,True,True,False,False,True,False,False,False,False,True,False,False,False,True,False,False,False,False,False,False,True,False,True,False,9643-AVVWI,0,1,0.7359993820547756,High Risk,1,0.7803906489319472
0,35,26.2,954.9,True,False,False,True,False,True,False,True,True,False,True,False,True,False,True,False,True,False,True,False,True,False,False,False,False,False,3506-OVLKD,0,0,0.08158820597029394,Low Risk,0,0.12405714216060747
0,11,19.25,180.3,False,True,True,True,False,False,False,True,True,False,True,False,True,False,True,False,True,False,True,False,False,False,True,False,False,True,4946-EDSEW,1,0,0.31874500942777334,Medium Risk,0,0.12329933524171885
0,56,100.55,5514.95,True,True,False,True,False,True,True,False,False,True,False,False,False,False,False,False,False,True,False,True,True,False,True,False,True,False,2924-KHUVI,0,1,0.4919681662604561,Medium Risk,1,0.44770942119656354
0,51,24.95,1222.25,True,True,True,True,False,True,False,True,True,False,True,False,True,False,True,False,True,False,True,False,False,True,True,False,False,True,2263-SFSQZ,0,0,0.026353806333087107,Low Risk,0,0.02703474018721042
1,36,90.85,3186.7,True,False,False,True,False,True,True,False,False,True,False,False,False,False,False,False,False,True,False,False,False,False,True,False,True,False,5281-BUZGT,1,1,0.7355895523886411,High Risk,1,0.5737295626210784
0,5,20.45,106.9,True,False,True,True,False,False,False,True,True,False,True,False,True,False,True,False,True,False,True,False,False,True,False,False,False,True,3717-FDJFU,0,0,0.09092653159556231,Low Risk,0,0.0385936280568537
0,1,20.4,20.4,True,True,True,True,False,False,False,True,True,False,True,False,True,False,True,False,True,False,True,False,True,False,False,False,False,True,2239-CFOUJ,0,0,0.19782089847947595,Low Risk,0,0.1905321768153374
1,7,74.4,527.9,True,True,False,True,False,True,True,False,False,False,False,False,False,False,False,False,False,False,False,False,False,False,True,False,False,True,8699-ASUFO,1,1,0.8510474427013048,High Risk,1,0.8339635630047461
0,69,53.65,3804.4,True,True,False,True,False,False,False,False,False,True,False,True,False,False,False,False,False,False,False,False,True,False,True,True,False,False,1122-YJBCS,0,0,0.04894847434751338,Low Risk,0,0.13386983799364996
0,22,67.5,1544.05,True,True,True,True,False,False,False,False,False,True,False,False,False,True,False,True,False,True,False,False,True,False,True,False,False,False,0628-CNQRM,1,0,0.18751798004400064,Low Risk,0,0.15511279761311866
0,63,24.2,1618.2,False,False,False,True,False,True,False,True,True,False,True,False,True,False,True,False,True,False,True,False,False,True,False,False,False,True,1705-GUHPV,0,0,0.014560441973419151,Low Risk,0,0.011110364613392347
0,55,75.75,4264.25,False,True,True,True,False,True,False,False,False,True,False,True,False,False,False,True,False,False,False,True,True,False,True,False,False,False,4877-TSOFF,0,0,0.08097781541368229,Low Risk,0,0.11124894165225091
0,3,57.55,161.45,False,False,False,True,False,False,False,False,False,False,False,False,False,True,False,False,False,True,False,False,False,False,False,False,True,False,7404-JLKQG,0,1,0.7081821227942074,High Risk,1,0.6225780012506273
0,67,81.35,5398.6,True,True,True,True,False,False,False,False,False,True,False,True,False,True,False,False,False,True,False,True,False,True,False,True,False,False,0379-DJQHR,0,0,0.029325367333006242,Low Risk,0,0.0468319467491783
0,3,25.25,58.9,False,False,False,False,True,False,False,False,False,False,False,False,False,False,False,False,False,False,False,False,False,False,False,False,True,False,8993-PHFWD,1,1,0.7553323700229742,High Risk,1,0.6841694830591522
0,1,19.75,19.75,True,False,False,True,False,False,False,True,True,False,True,False,True,False,True,False,True,False,True,False,False,False,False,False,False,True,3930-ZGWVE,0,0,0.39324880703225257,Medium Risk,1,0.5889366420238766
0,16,89.05,1448.6,True,False,False,True,False,True,True,False,False,False,False,False,False,False,False,True,False,False,False,True,False,False,True,True,False,False,1965-DDBWU,1,1,0.766983170765979,High Risk,1,0.5848631460858869
0,62,104.05,6590.5,True,False,True,True,False,True,True,False,False,False,False,False,False,True,False,True,False,True,False,True,False,True,True,False,True,False,7572-KPVKK,0,0,0.2733128850903183,Low Risk,0,0.3326118851419016
0,8,65.5,573.15,False,False,False,True,False,True,False,False,False,True,False,True,False,True,False,False,False,False,False,False,False,False,True,False,False,False,6854-EXGSF,0,1,0.5007214538735238,Medium Risk,0,0.33484099025474523
0,9,20.1,190.25,True,False,True,True,False,False,False,True,True,False,True,False,True,False,True,False,True,False,True,False,True,False,False,False,False,True,9483-GCPWE,0,0,0.14872626168255312,Low Risk,0,0.04255629511130384
0,6,19.5,146.3,False,True,False,True,False,False,False,True,True,False,True,False,True,False,True,False,True,False,True,False,False,False,False,False,False,False,8053-WWDRO,1,0,0.3321566822115913,Medium Risk,0,0.2757878558615062
0,28,59.0,1654.45,False,False,False,True,False,True,False,False,False,True,False,False,False,True,False,False,False,False,False,False,True,False,False,False,False,True,9473-CBZOP,0,0,0.1821439330726072,Low Risk,0,0.07862798570948187
0,26,19.4,525.55,True,False,False,True,False,False,False,True,True,False,True,False,True,False,True,False,True,False,True,False,True,False,False,False,False,True,3985-HOYPM,0,0,0.0986086014969669,Low Risk,0,0.007012087939173766
0,38,101.15,3956.7,True,True,True,True,False,True,True,False,False,False,False,False,False,True,False,False,False,True,False,True,False,False,True,True,False,False,8378-LKJAF,0,1,0.7177924526814206,High Risk,1,0.6259764690032892
0,18,50.3,913.3,False,False,False,True,False,True,False,False,False,False,False,False,False,False,False,False,False,False,False,False,False,False,True,False,True,False,1310-QRITU,0,1,0.6578198286721448,High Risk,1,0.524910873628137
0,3,31.0,95.05,False,True,True,False,True,False,False,False,False,False,False,False,False,False,False,True,False,False,False,False,False,False,True,False,False,True,3237-AJGEH,1,1,0.6284571477658406,High Risk,1,0.44800191223098296
0,3,25.0,78.25,True,True,False,False,True,False,False,False,False,False,False,False,False,False,False,False,False,False,False,False,False,False,False,False,False,True,6542-LWGXJ,0,1,0.6987117887414617,High Risk,1,0.6033150198753768
0,70,72.95,5265.55,True,True,False,True,False,True,False,False,False,False,False,True,False,True,False,True,False,True,False,False,False,True,False,False,False,False,6953-PBDIN,0,0,0.03697631237078878,Low Risk,0,0.05530752075231774
0,67,69.35,4653.25,True,True,True,True,False,True,False,False,False,True,False,True,False,True,False,True,False,False,False,False,True,False,True,True,False,False,6332-FBZRI,0,0,0.04225242104927867,Low Risk,0,0.12883915018995928
0,71,24.35,1654.6,True,False,True,True,False,True,False,True,True,False,True,False,True,False,True,False,True,False,True,False,False,True,False,False,False,True,9365-CSLBQ,0,0,0.008294662456798064,Low Risk,0,0.007175967506996462
0,16,69.1,1083.7,True,False,True,True,False,True,False,False,False,True,False,True,False,False,False,False,False,False,False,True,False,False,True,False,True,False,3466-WAESX,0,1,0.5695080649754417,Medium Risk,0,0.38667702624445804
0,10,65.5,616.9,False,True,True,True,False,False,False,False,False,False,False,True,False,False,False,True,False,False,False,True,False,False,True,False,True,False,9700-ISPUP,0,1,0.5577454872667219,Medium Risk,1,0.41665109396840366
0,1,90.85,90.85,True,False,False,True,False,True,True,False,False,False,False,True,False,False,False,False,False,False,False,True,False,False,True,True,False,False,5167-ZFFMM,1,1,0.8502887288569264,High Risk,1,0.8555980421191562
0,12,56.3,628.65,True,True,True,True,False,False,False,False,False,False,False,False,False,False,False,False,False,True,False,False,False,False,True,False,False,True,7669-LCRSD,0,1,0.5725314744165468,Medium Risk,0,0.3315560896420398
0,5,53.85,259.8,False,False,False,True,False,False,False,False,False,True,False,False,False,False,False,True,False,False,False,False,False,False,False,True,False,False,0870-VEMYL,1,0,0.3584020021909375,Medium Risk,0,0.39297356688117097
1,40,99.2,4062.2,False,True,False,True,False,False,True,False,False,False,False,True,False,False,False,True,False,True,False,True,True,False,True,True,False,False,2995-UPRYS,1,1,0.4608819174917223,Medium Risk,0,0.35647818672736203
1,21,64.95,1339.8,True,True,False,True,False,False,False,False,False,True,False,True,False,False,False,False,False,False,False,True,False,False,True,False,False,False,3179-GBRWV,0,1,0.4595068992493639,Medium Risk,0,0.3022862069270425
0,9,68.25,576.95,True,False,False,True,False,False,False,False,False,True,False,False,False,True,False,True,False,False,False,True,False,False,True,False,False,False,0701-TJSEF,0,1,0.4703962979392754,Medium Risk,0,0.303691494558936
0,7,50.3,355.1,False,True,False,True,False,False,False,False,False,True,False,False,False,False,False,False,False,False,False,False,False,False,True,False,False,False,1848-LBZHY,0,1,0.5015728213981825,Medium Risk,1,0.42947446776331305
0,38,20.05,678.2,False,False,False,True,False,False,False,True,True,False,True,False,True,False,True,False,True,False,True,False,True,False,False,False,False,True,5380-XPJNZ,0,0,0.05758331887414684,Low Risk,0,0.00989967440288782
0,1,50.5,50.5,True,False,False,True,False,False,False,False,False,False,False,False,False,True,False,False,False,False,False,False,False,False,True,False,True,False,6608-QQLVK,1,1,0.7323175503261187,High Risk,1,0.8109652877735236
0,7,74.9,490.55,True,False,False,True,False,False,True,False,False,False,False,False,False,True,False,False,False,False,False,False,False,False,True,False,True,False,1475-VWVDO,0,1,0.83365771081631,High Risk,1,0.808777291527382
0,2,70.95,137.95,False,False,False,True,False,False,True,False,False,False,False,False,False,False,False,False,False,False,False,False,False,False,True,False,True,False,3721-CNEYS,1,1,0.8521834198907255,High Risk,1,0.8160441396366984
0,56,19.55,1080.55,False,False,False,True,False,False,False,True,True,False,True,False,True,False,True,False,True,False,True,False,False,True,True,False,False,False,4299-OPXEJ,0,0,0.018623102778857863,Low Risk,0,0.033889958546191354
0,6,50.35,314.55,False,True,False,True,False,True,False,False,False,False,False,False,False,False,False,False,False,False,False,False,False,False,False,False,True,False,0096-BXERS,0,1,0.6830133738773035,High Risk,1,0.5794554234327003
0,63,58.55,3503.5,False,False,False,True,False,False,False,False,False,False,False,False,False,True,False,False,False,False,False,True,True,False,False,True,False,False,3055-VTCGS,0,0,0.08716088227931901,Low Risk,0,0.10830525517723434
0,64,110.5,7069.25,False,False,False,True,False,True,True,False,False,False,False,True,False,True,False,True,False,True,False,True,False,True,True,True,False,False,9405-GPBBG,0,0,0.1998911555077231,Low Risk,0,0.16575048162252584
0,29,45.9,1332.4,True,True,False,False,True,False,False,False,False,False,False,False,False,False,False,False,False,True,False,True,False,False,True,False,True,False,6704-UTUKK,0,1,0.7321168918362239,High Risk,1,0.40584585432419
0,32,85.65,2664.3,True,False,False,True,False,True,True,False,False,False,False,False,False,False,False,False,False,False,False,True,False,False,True,False,False,False,9944-AEXBM,0,1,0.732066231574902,High Risk,1,0.6320291330510498
1,2,84.05,186.05,False,False,False,True,False,True,True,False,False,False,False,False,False,False,False,False,False,False,False,True,False,False,True,False,True,False,2545-EBUPK,0,1,0.9211479484335646,High Risk,1,0.9224292988626587
0,60,94.4,5610.25,True,True,False,True,False,False,True,False,False,False,False,True,False,False,False,False,False,True,False,True,True,False,True,False,True,False,6270-OMFIW,1,1,0.4669920320649634,Medium Risk,0,0.36479322347881094
0,22,65.05,1427.55,True,False,False,True,False,True,False,False,False,True,False,True,False,True,False,False,False,False,False,False,False,False,False,False,False,True,1852-XEMDW,0,0,0.3304702597610837,Medium Risk,0,0.25978905290442406
0,11,35.65,425.1,True,False,False,False,True,False,False,False,False,False,False,True,False,False,False,True,False,False,False,False,False,False,True,False,True,False,8158-WPEZG,0,1,0.6601725044465255,High Risk,1,0.44742331711251193
1,57,90.65,5199.8,True,True,False,True,False,False,True,False,False,False,False,True,False,True,False,False,False,True,False,False,True,False,True,False,True,False,5198-EFNBM,0,1,0.4350765450765694,Medium Risk,0,0.30940026550345695
0,1,44.15,44.15,True,False,False,True,False,False,False,False,False,False,False,False,False,False,False,False,False,False,False,False,False,False,True,False,False,True,7663-RGWBC,1,1,0.6796615955412157,High Risk,1,0.6901827935742078
0,62,19.2,1123.65,False,False,False,True,False,False,False,True,True,False,True,False,True,False,True,False,True,False,True,False,False,True,True,True,False,False,3970-XGJDU,0,0,0.014415642424828276,Low Risk,0,0.01570759589177923
0,47,98.75,4533.7,False,True,False,True,False,True,True,False,False,True,False,True,False,True,False,False,False,True,False,False,False,False,True,False,True,False,6845-RGTYS,1,1,0.6188697307400194,High Risk,1,0.57420574182123
0,61,88.1,5526.75,False,True,True,True,False,True,False,False,False,True,False,True,False,True,False,True,False,True,False,True,False,True,False,False,False,True,0123-CRBRT,0,0,0.039806963283595474,Low Risk,0,0.0112426235795602
0,3,70.15,194.2,False,False,False,True,False,False,True,False,False,False,False,False,False,False,False,False,False,False,False,False,False,False,True,False,True,False,6077-BDPXA,0,1,0.8512471475152494,High Risk,1,0.8150274935103118
0,64,81.05,5135.35,True,True,True,True,False,False,True,False,False,True,False,True,False,False,False,False,False,False,False,False,False,False,False,False,True,False,2250-IVBWA,0,0,0.2321943634584192,Low Risk,0,0.23969672993319213
0,6,94.05,518.75,False,True,True,True,False,True,True,False,False,False,False,True,False,True,False,False,False,True,False,False,False,False,True,False,False,True,6137-NICCO,0,1,0.8001446580487693,High Risk,1,0.8396953802415035
0,56,20.05,1090.1,False,True,True,True,False,False,False,True,True,False,True,False,True,False,True,False,True,False,True,False,False,True,False,False,False,True,8129-GMVGI,0,0,0.01124650170842876,Low Risk,0,0.020873213887557206
0,27,49.85,1336.15,False,True,True,True,False,False,False,False,False,False,False,True,False,False,False,False,False,False,False,False,False,False,False,False,False,True,4353-HYOJD,0,0,0.27745912413873053,Low Risk,0,0.20210085393222613
0,46,45.55,2062.15,False,True,False,False,True,False,False,False,False,True,False,True,False,False,False,False,False,True,False,False,False,False,False,False,True,False,8671-KKKOS,0,0,0.30529757852286465,Medium Risk,0,0.337037826770111
1,1,45.1,45.1,True,False,False,True,False,False,False,False,False,False,False,False,False,False,False,False,False,False,False,False,False,False,False,False,True,False,8080-DDEMJ,1,1,0.7080944686073255,High Risk,1,0.7487207973220189
0,11,20.4,231.45,True,False,False,True,False,False,False,True,True,False,True,False,True,False,True,False,True,False,True,False,False,True,False,False,False,True,6698-OXETB,0,0,0.08916545526547186,Low Risk,0,0.04455959306524106
0,32,98.85,3145.9,True,True,False,True,False,True,True,False,False,False,False,True,False,False,False,False,False,True,False,True,False,False,True,True,False,False,3312-UUMZW,0,1,0.7751093919816675,High Risk,1,0.6575196443283695
0,4,77.85,299.2,True,False,False,True,False,False,True,False,False,False,False,False,False,False,False,False,False,True,False,False,False,False,False,False,True,False,6376-GAHQE,1,1,0.8471482173953949,High Risk,1,0.801563028803349
0,24,55.65,1400.55,True,False,False,True,False,True,False,False,False,True,False,False,False,False,False,False,False,False,False,False,False,False,True,False,False,False,0733-VUNUW,1,1,0.4185017196076893,Medium Risk,0,0.243568621336197
0,35,108.95,4025.5,True,False,False,True,False,True,True,False,False,True,False,False,False,True,False,True,False,True,False,True,False,True,True,False,True,False,6733-LRIZX,0,0,0.38922951095296554,Medium Risk,0,0.24768022818651933
0,46,105.2,4822.85,False,False,True,True,False,False,True,False,False,True,False,True,False,False,False,True,False,True,False,True,True,False,True,False,False,False,2165-VOEGB,1,0,0.2431201820630934,Low Risk,0,0.32407596517793774
0,1,70.0,70.0,True,True,True,True,False,False,True,False,False,False,False,False,False,False,False,False,False,False,False,False,False,False,True,False,True,False,1853-UDXBW,1,1,0.8369728338773669,High Risk,1,0.8706529338515315
0,72,110.15,7881.2,False,True,False,True,False,True,True,False,False,True,False,False,False,True,False,True,False,True,False,True,False,True,True,True,False,False,9070-BCKQP,0,0,0.13927184969865747,Low Risk,0,0.05571626683263084
1,63,103.5,6479.4,False,True,False,True,False,True,True,False,False,False,False,True,False,True,False,False,False,True,False,True,False,False,True,False,True,False,1035-IPQPU,0,1,0.7269189976021906,High Risk,1,0.6065441362922189
0,21,86.5,1808.7,False,True,False,True,False,True,True,False,False,False,False,False,False,False,False,False,False,False,False,True,False,False,True,False,True,False,2057-ZBLPD,1,1,0.8447653930588421,High Risk,1,0.7561517164938996
0,37,40.2,1525.35,True,True,True,False,True,False,False,False,False,True,False,False,False,True,False,True,False,False,False,False,True,False,True,False,True,False,6967-PEJLL,0,0,0.17406281481576477,Low Risk,0,0.15682543969977314
0,55,100.9,5552.05,True,False,False,True,False,False,True,False,False,True,False,True,False,False,False,False,False,True,False,True,True,False,True,False,False,True,7879-CGSFV,0,0,0.3199881762121641,Medium Risk,0,0.34149592569639203
0,14,66.6,979.5,True,True,False,True,False,True,False,False,False,False,False,False,False,False,False,True,False,True,False,False,False,False,True,True,False,False,2257-BOVXD,0,1,0.5786638914255239,Medium Risk,0,0.3639654671659681
0,53,71.85,3827.9,True,True,True,True,False,True,False,False,False,True,False,False,False,False,False,True,False,False,False,True,False,False,False,False,True,False,9822-BIIGN,0,0,0.18640265185228097,Low Risk,0,0.18234301822867616
0,50,84.15,4164.4,False,True,True,True,False,True,False,False,False,False,False,True,False,True,False,True,False,True,False,True,True,False,True,True,False,False,1136-XGEQU,0,0,0.17212426180893053,Low Risk,0,0.15277339529500034
1,38,102.6,4009.2,True,True,False,True,False,True,True,False,False,False,False,True,False,True,False,False,False,True,False,True,False,False,True,False,True,False,2439-LYPMQ,0,1,0.843919709851787,High Risk,1,0.7561903805504798
1,30,99.7,2967.35,False,False,False,True,False,True,True,False,False,False,False,True,False,False,False,False,False,True,False,True,False,False,True,False,True,False,6543-XRMYR,1,1,0.8543279091539417,High Risk,1,0.736074315881018
0,28,59.9,1654.7,False,False,False,True,False,False,False,False,False,True,False,True,False,False,False,True,False,False,False,False,True,False,True,False,True,False,5753-QQWPW,0,0,0.17434196233035712,Low Risk,0,0.12426769251905095
1,46,59.9,2816.65,True,True,False,False,True,False,False,False,False,False,False,True,False,True,False,True,False,True,False,True,True,False,True,False,False,False,4785-QRJHC,1,0,0.2710827632791609,Low Risk,0,0.2764200128884564
0,67,20.55,1343.4,False,False,False,True,False,False,False,True,True,False,True,False,True,False,True,False,True,False,True,False,True,False,False,False,True,False,0052-YNYOT,0,0,0.024675173526345455,Low Risk,0,0.10240579909914033
0,1,45.95,45.95,False,False,False,True,False,False,False,False,False,False,False,False,False,False,False,False,False,False,False,False,False,False,False,False,False,True,7054-LGEQW,1,1,0.5801312850735909,Medium Risk,1,0.7210660788137084
0,50,19.8,1013.2,True,True,False,True,False,False,False,True,True,False,True,False,True,False,True,False,True,False,True,False,False,True,False,False,True,False,0608-JDVEC,0,0,0.026786841341593155,Low Risk,0,0.011509623094182195
0,56,98.0,5270.6,False,True,False,True,False,True,True,False,False,True,False,False,False,False,False,False,False,True,False,True,True,False,True,False,True,False,6284-KMNUF,0,1,0.4928173670243871,Medium Risk,0,0.3977848341317284
0,1,19.95,19.95,True,False,False,True,False,False,False,True,True,False,True,False,True,False,True,False,True,False,True,False,False,False,False,False,False,True,6286-SUUWT,0,0,0.391626356723924,Medium Risk,1,0.6574142340958409
0,3,35.1,101.1,True,True,False,False,True,False,False,False,False,True,False,False,False,False,False,True,False,False,False,False,False,False,False,False,False,True,3594-KADLU,0,1,0.5149377889667852,Medium Risk,1,0.4956649964791187
0,72,109.55,8165.1,False,True,False,True,False,True,True,False,False,True,False,True,False,True,False,False,False,True,False,True,False,True,True,False,True,False,0536-ACXIP,0,0,0.24127693194024544,Low Risk,0,0.06273950887000523
0,48,60.35,2896.4,False,False,False,True,False,False,False,False,False,True,False,False,False,True,False,True,False,False,False,False,True,False,True,True,False,False,8869-TORSS,1,0,0.07383479448596159,Low Risk,0,0.10099209583290321
0,9,39.55,373.0,True,False,False,False,True,False,False,False,False,True,False,True,False,True,False,False,False,False,False,False,True,False,False,False,False,True,0373-AIVNJ,0,0,0.3211965543299686,Medium Risk,0,0.21806079352586655
0,19,69.6,1394.55,True,False,False,True,False,True,False,False,False,False,False,False,False,False,False,False,False,True,False,True,False,False,False,False,False,True,6429-SHBCB,0,1,0.6320523767102737,High Risk,0,0.304093192201288
0,46,81.0,3846.35,True,True,True,True,False,False,False,False,False,True,False,False,False,True,False,True,False,True,False,True,False,True,False,False,False,True,5751-USDBL,0,0,0.048546574401873446,Low Risk,0,0.02804574672026509
0,56,107.25,6033.3,True,True,False,True,False,True,True,False,False,False,False,True,False,False,False,True,False,True,False,True,True,False,True,False,True,False,6815-ABQFQ,0,1,0.4808747410614831,Medium Risk,1,0.4805855584688046
0,35,83.15,2848.45,True,False,False,True,False,True,True,False,False,False,False,False,False,False,False,False,False,True,False,False,False,False,False,False,True,False,9450-TRJUU,0,1,0.7365111435640671,High Risk,1,0.6604772605669152
0,25,19.8,475.2,False,False,False,True,False,False,False,True,True,False,True,False,True,False,True,False,True,False,True,False,False,True,False,True,False,False,2805-AUFQN,0,0,0.04784415207852135,Low Risk,0,0.06522240412459736
0,21,68.65,1493.2,False,False,False,True,False,False,True,False,False,False,False,False,False,False,False,False,False,False,False,False,False,False,True,False,True,False,7855-DIWPO,0,1,0.77378554099591,High Risk,1,0.6316922348809255
0,71,25.35,1847.55,True,True,True,True,False,True,False,True,True,False,True,False,True,False,True,False,True,False,True,False,False,True,False,True,False,False,0174-QRVVY,0,0,0.008057306922092472,Low Risk,0,0.0009722405815454573
0,1,79.35,79.35,False,True,False,True,False,False,True,False,False,False,False,False,False,False,False,False,False,True,False,False,False,False,True,False,False,False,9507-EXLTT,1,1,0.8422234620835802,High Risk,1,0.886567331468024
0,62,84.5,5193.2,False,False,False,True,False,True,False,False,False,False,False,True,False,True,False,True,False,True,False,True,False,True,False,False,False,False,8390-FESFV,0,0,0.05945670134615307,Low Risk,0,0.021562824577469837
0,53,78.75,3942.45,True,True,True,True,False,True,False,False,False,False,False,False,False,True,False,True,False,True,False,True,True,False,True,False,False,True,0661-KBKPA,0,0,0.183235221026164,Low Risk,0,0.1819180532216846
0,2,74.9,136.05,False,False,False,True,False,True,True,False,False,False,False,False,False,False,False,False,False,False,False,False,False,False,True,False,False,True,6856-RAURS,0,1,0.842046577972114,High Risk,1,0.8576017821847468
1,72,93.05,6735.05,True,True,False,True,False,True,True,False,False,True,False,True,False,True,False,True,False,False,False,False,False,True,True,False,False,False,7322-OCWHC,0,0,0.0810441764109225,Low Risk,0,0.07147135526553515
0,24,79.65,1928.7,False,True,False,True,False,True,True,False,False,False,False,False,False,True,False,False,False,False,False,False,False,False,True,False,False,True,2203-GHNWN,0,1,0.7313803428555107,High Risk,1,0.5345369450533661
0,41,55.7,2237.55,True,False,False,True,False,True,False,False,False,False,False,False,False,True,False,False,False,False,False,False,False,False,True,False,False,False,3413-CSSTH,0,0,0.3609277809009103,Medium Risk,0,0.2625272901386076
0,2,94.2,193.8,False,False,True,True,False,True,True,False,False,False,False,False,False,False,False,False,False,True,False,True,False,False,True,False,False,False,3006-XIMLN,1,1,0.8684638512036018,High Risk,1,0.9016860247550621
0,2,67.75,116.65,True,False,False,True,False,False,True,False,False,False,False,False,False,False,False,False,False,False,False,False,False,False,True,False,True,False,3750-CKVKH,1,1,0.8686665332628408,High Risk,1,0.7659970755047665
1,27,95.55,2510.2,True,True,False,True,False,True,True,False,False,False,False,True,False,True,False,False,False,False,False,True,False,False,True,False,True,False,0576-WNXXC,1,1,0.8273532785562798,High Risk,1,0.7531840346383033
1,53,101.9,5549.4,True,True,False,True,False,True,True,False,False,False,False,True,False,False,False,False,False,True,False,True,False,False,True,False,True,False,7056-IMHCC,1,1,0.7711515805938599,High Risk,1,0.6932900147898834
0,34,64.4,2088.75,False,False,False,True,False,True,False,False,False,True,False,True,False,False,False,True,False,False,False,False,True,False,True,False,False,True,0866-QLSIR,1,0,0.1370140055619206,Low Risk,0,0.1018013709146528
0,1,85.0,85.0,True,False,False,True,False,False,True,False,False,False,False,True,False,False,False,False,False,False,False,True,False,False,True,False,True,False,1628-BIZYP,0,1,0.8734403373329337,High Risk,1,0.8849471603980041
0,48,19.55,883.35,False,True,True,True,False,False,False,True,True,False,True,False,True,False,True,False,True,False,True,False,False,True,False,False,False,True,2230-XTUWL,0,0,0.015835668558599327,Low Risk,0,0.018229410654349486
1,3,75.05,256.25,False,False,False,True,False,True,True,False,False,False,False,False,False,False,False,False,False,False,False,False,False,False,True,True,False,False,1980-KXVPM,1,1,0.8515818169051701,High Risk,1,0.8339830357232129
0,71,64.05,4492.9,False,True,True,True,False,False,False,False,False,True,False,True,False,True,False,True,False,False,False,False,False,True,False,True,False,False,8619-IJNDK,0,0,0.009486781664265306,Low Risk,0,0.04144532751390871
0,24,85.95,2107.15,True,False,False,True,False,False,True,False,False,False,False,True,False,True,False,True,False,False,False,False,False,False,True,False,True,False,2960-NKRSO,0,1,0.6462278350005648,High Risk,1,0.5652386545351367
1,5,70.05,302.6,False,True,False,True,False,False,True,False,False,False,False,False,False,False,False,False,False,False,False,False,False,False,False,False,True,False,6705-LXORM,0,1,0.8194406504962891,High Risk,1,0.7412071474332343
1,8,75.75,606.25,False,False,False,True,False,True,True,False,False,False,False,False,False,False,False,False,False,False,False,False,False,False,True,False,True,False,7130-VTEWQ,1,1,0.8770961718856943,High Risk,1,0.8563397471115144
0,15,19.8,309.4,True,False,False,True,False,False,False,True,True,False,True,False,True,False,True,False,True,False,True,False,False,False,True,False,False,True,9364-YKUVW,0,0,0.33351306107930795,Medium Risk,0,0.21007209862072143
1,2,74.7,165.4,True,False,False,True,False,False,True,False,False,False,False,True,False,False,False,False,False,False,False,False,False,False,True,False,True,False,2761-OCIAX,1,1,0.8608218031463879,High Risk,1,0.8061229027635987
0,13,25.0,332.5,False,True,True,True,False,True,False,True,True,False,True,False,True,False,True,False,True,False,True,False,False,True,True,False,False,False,7996-BPXHY,0,0,0.10818054455786429,Low Risk,0,0.04178378111637786
1,17,85.35,1463.45,False,True,False,True,False,True,True,False,False,True,False,False,False,True,False,False,False,False,False,False,False,False,True,False,False,False,4248-QPAVC,1,1,0.707257735350794,High Risk,1,0.6129375523781413
0,24,58.35,1346.9,True,True,False,True,False,True,False,False,False,True,False,False,False,False,False,True,False,False,False,False,True,False,True,False,True,False,9357-UJRUN,0,0,0.2824627432367718,Low Risk,0,0.2240856723407975
0,50,20.55,1070.25,False,True,True,True,False,False,False,True,True,False,True,False,True,False,True,False,True,False,True,False,False,True,False,True,False,False,6340-DACFT,0,0,0.013777875927772392,Low Risk,0,0.0012282481769138169
0,57,74.35,4317.35,True,False,False,True,False,False,False,False,False,True,False,False,False,True,False,False,False,True,False,True,False,True,True,False,False,False,1023-BQXZE,0,0,0.07735005502454374,Low Risk,0,0.05409582643989124
1,3,25.3,77.75,False,False,False,False,True,False,False,False,False,False,False,False,False,False,False,False,False,False,False,False,False,False,False,False,True,False,5480-HPRRX,1,1,0.7828995791952463,High Risk,1,0.7761631378898357
0,37,91.15,3369.25,True,False,False,True,False,True,True,False,False,True,False,False,False,False,False,False,False,True,False,False,False,False,True,False,True,False,9576-SYUHJ,0,1,0.7009091848834744,High Risk,1,0.5510362650926177
0,71,25.6,1888.25,False,True,False,True,False,True,False,True,True,False,True,False,True,False,True,False,True,False,True,False,False,True,False,True,False,False,2169-RRLFW,0,0,0.009806559825971442,Low Risk,0,0.0036636546884767007
0,72,66.5,4811.6,True,True,True,True,False,True,False,False,False,True,False,False,False,True,False,True,False,False,False,False,False,True,True,True,False,False,8338-QIUNR,0,0,0.018972818062269598,Low Risk,0,0.07462551300951038
0,52,25.6,1334.5,True,False,True,True,False,True,False,True,True,False,True,False,True,False,True,False,True,False,True,False,False,True,False,True,False,False,0463-TXOAK,0,0,0.01694737582136719,Low Risk,0,0.0351009091794324
0,4,19.85,63.0,True,False,False,True,False,False,False,True,True,False,True,False,True,False,True,False,True,False,True,False,False,False,True,False,True,False,4396-KLSEH,0,1,0.5289176463485468,Medium Risk,0,0.16261942875135746
0,9,69.5,653.25,True,False,False,True,False,False,False,False,False,True,False,False,False,True,False,True,False,True,False,False,False,False,True,False,False,True,5186-EJEGL,0,1,0.4700290164681878,Medium Risk,0,0.33770992098092134
1,7,74.85,485.25,True,True,False,True,False,True,True,False,False,False,False,False,False,False,False,False,False,False,False,False,False,False,True,False,True,False,9334-GWGOW,0,1,0.8876435099649731,High Risk,1,0.8674595684298864
0,48,70.1,3238.4,False,True,True,True,False,False,False,False,False,True,False,True,False,True,False,False,False,False,False,True,False,True,True,True,False,False,5696-JVVQY,0,0,0.05022920512639585,Low Risk,0,0.04674773999051473
0,47,58.6,2723.4,False,True,False,True,False,False,False,False,False,False,False,True,False,False,False,False,False,True,False,False,False,False,True,False,False,False,9633-DENPU,0,0,0.30489474935536875,Medium Risk,0,0.2501723082517261
1,4,72.75,317.75,False,False,False,True,False,False,True,False,False,False,False,True,False,False,False,False,False,False,False,False,False,False,False,False,True,False,0581-BXBUB,0,1,0.8115380959648467,High Risk,1,0.7167019431840818
0,47,103.7,4730.6,False,False,False,True,False,False,True,False,False,True,False,False,False,True,False,True,False,True,False,True,True,False,True,False,True,False,2750-BJLSB,0,1,0.4000288813673566,Medium Risk,1,0.47690007480348395
0,24,29.1,688.0,True,True,False,False,True,False,False,False,False,False,False,False,False,True,False,False,False,False,False,False,False,False,False,False,True,False,2770-NSVDG,0,1,0.5792331614095306,Medium Risk,1,0.4634309429613903
0,1,50.45,50.45,False,False,False,True,False,False,False,False,False,False,False,False,False,True,False,False,False,False,False,False,False,False,True,False,False,True,8280-MQRQN,1,1,0.651881553462568,High Risk,1,0.764183131065672
0,1,44.65,44.65,True,False,False,False,True,False,False,False,False,False,False,True,False,False,False,True,False,False,False,True,False,False,True,False,False,True,7851-FLGGQ,1,1,0.7270184665507815,High Risk,1,0.5739964691245987
0,1,19.25,19.25,False,True,True,True,False,False,False,True,True,False,True,False,True,False,True,False,True,False,True,False,False,False,False,False,True,False,9374-YOLBJ,0,1,0.4222160082838155,Medium Risk,0,0.3754702627885724
0,48,108.1,5067.45,True,False,False,True,False,True,True,False,False,False,False,True,False,True,False,False,False,True,False,True,False,True,True,False,False,False,6583-SZVGP,0,0,0.3185143400828325,Medium Risk,0,0.37763222751657843
0,27,20.1,562.6,True,False,False,True,False,False,False,True,True,False,True,False,True,False,True,False,True,False,True,False,True,False,False,False,False,False,2150-OEGBV,0,0,0.08888402061476679,Low Risk,0,0.02140937047274918
0,60,59.85,3483.45,False,True,False,True,False,False,False,False,False,True,False,True,False,False,False,True,False,False,False,False,False,True,False,False,False,False,9372-TXXPS,0,0,0.016398850487908023,Low Risk,0,0.018533697001046873
0,26,56.05,1553.2,False,False,False,True,False,False,False,False,False,False,False,True,False,True,False,False,False,False,False,False,True,False,True,False,False,True,6933-FHBZC,0,0,0.24275125837135475,Low Risk,0,0.20412559538405667
1,51,19.6,967.9,False,False,False,True,False,False,False,True,True,False,True,False,True,False,True,False,True,False,True,False,False,True,False,True,False,False,4698-KVLLG,0,0,0.019071566339886332,Low Risk,0,0.002616780001126386
0,4,79.0,303.15,False,False,False,True,False,False,True,False,False,False,False,False,False,False,False,False,False,True,False,False,False,False,True,False,True,False,8752-STIVR,1,1,0.8783465081911596,High Risk,1,0.8661423067056672
1,26,66.05,1652.4,False,False,False,True,False,True,False,False,False,False,False,False,False,False,False,True,False,False,False,True,False,False,True,False,True,False,8623-ULFNQ,0,1,0.6105417909174513,High Risk,0,0.293939699386672
0,41,106.5,4282.4,False,False,False,True,False,True,True,False,False,True,False,True,False,True,False,True,False,True,False,False,False,False,True,False,True,False,9822-WMWVG,0,1,0.5604227306714777,Medium Risk,1,0.49659002755970494
0,68,114.9,7843.55,False,True,False,True,False,True,True,False,False,True,False,True,False,True,False,True,False,True,False,True,False,True,False,False,False,False,4304-TSPVK,0,0,0.10605342916171884,Low Risk,0,0.09929626728679157
0,45,54.65,2553.7,True,True,True,True,False,False,False,False,False,True,False,False,False,False,False,True,False,False,False,False,False,True,False,False,False,False,1716-LSAMB,0,0,0.026140939998589057,Low Risk,0,0.04928700603808973
0,22,69.5,1498.2,False,True,True,True,False,False,False,False,False,False,False,True,False,False,False,False,False,True,False,True,True,False,True,False,False,False,3523-QRQLL,1,0,0.33962431212436894,Medium Risk,0,0.23878798196620038
0,12,79.95,1043.4,True,False,False,True,False,False,True,False,False,False,False,False,False,False,False,False,False,False,False,True,False,False,True,False,False,False,2187-PKZAY,0,1,0.7999279126539288,High Risk,1,0.7285402537050126
0,1,43.95,43.95,False,False,False,True,False,False,False,False,False,False,False,False,False,False,False,False,False,False,False,False,False,False,False,True,False,False,1895-QTKDO,0,1,0.5837546117140999,Medium Risk,1,0.6370309568604914
0,7,94.1,701.3,True,False,False,True,False,True,True,False,False,False,False,False,False,False,False,False,False,True,False,True,False,False,True,False,True,False,8161-QYMTT,0,1,0.9189141158072598,High Risk,1,0.9009081291654409
0,1,20.2,20.2,False,False,False,True,False,False,False,True,True,False,True,False,True,False,True,False,True,False,True,False,False,False,True,False,False,False,2955-PSXOE,1,1,0.45072723191504427,Medium Risk,1,0.5145230211876026
0,13,23.9,300.8,False,False,False,False,True,False,False,False,False,False,False,False,False,False,False,False,False,False,False,False,False,False,True,False,True,False,6834-NXDCA,1,1,0.748971348414075,High Risk,1,0.6436959197114199
0,51,20.45,1042.65,True,False,False,True,False,False,False,True,True,False,True,False,True,False,True,False,True,False,True,False,False,True,False,False,False,True,8701-DGLVH,0,0,0.01761455220465204,Low Risk,0,0.00978145889229825
0,4,44.8,169.65,True,True,True,True,False,False,False,False,False,False,False,False,False,False,False,False,False,False,False,False,False,False,False,False,True,False,2480-SQIOB,0,1,0.6026267358211297,High Risk,1,0.6636830116264735
0,26,84.3,2281.6,True,False,False,True,False,True,True,False,False,False,False,False,False,True,False,True,False,False,False,False,False,False,True,False,False,True,4993-JCRGJ,0,1,0.6575412984473309,High Risk,1,0.4816909390884359
0,24,88.95,2072.75,False,False,False,True,False,True,True,False,False,False,False,False,False,True,False,False,False,True,False,False,False,False,True,True,False,False,0581-MDMPW,0,1,0.7689173327114659,High Risk,1,0.5957313257121118
1,61,94.2,5895.45,False,True,False,True,False,True,True,False,False,True,False,True,False,True,False,True,False,False,False,False,False,False,True,True,False,False,7789-CRUVC,0,0,0.3275558255738652,Medium Risk,0,0.20876493178702882
0,72,114.9,8496.7,False,False,False,True,False,True,True,False,False,True,False,True,False,True,False,True,False,True,False,True,False,True,True,False,True,False,0164-APGRB,0,0,0.1880971415635277,Low Risk,0,0.02903812904237719
0,55,84.25,4589.85,False,False,False,True,False,True,True,False,False,True,False,False,False,True,False,False,False,False,False,False,True,False,True,True,False,False,8034-RYTVV,0,0,0.2503113963016761,Low Risk,0,0.18674057952617124
0,12,81.7,858.6,True,False,False,True,False,False,True,False,False,True,False,False,False,True,False,False,False,False,False,False,False,False,False,False,False,False,3018-TFTSU,1,1,0.5581034355045634,Medium Risk,1,0.5398250250387575
0,64,93.4,5822.3,True,True,True,True,False,True,True,False,False,True,False,False,False,True,False,False,False,False,False,True,False,True,False,False,False,False,9777-IQHWP,0,0,0.09849017579999757,Low Risk,0,0.11670238892388854
1,37,96.55,3580.3,False,False,False,True,False,True,True,False,False,False,False,False,False,False,False,False,False,True,False,True,False,False,True,False,True,False,6899-PPEEA,1,1,0.8418440461468338,High Risk,1,0.7731699139328043
0,72,88.7,6301.7,True,True,False,True,False,True,False,False,False,True,False,True,False,True,False,True,False,True,False,True,False,True,True,True,False,False,6701-YVNQG,0,0,0.047046413174401724,Low Risk,0,0.006822609889019898
0,11,19.5,226.8,True,False,False,True,False,False,False,True,True,False,True,False,True,False,True,False,True,False,True,False,True,False,False,False,False,True,7649-PHJVR,0,0,0.1709123891675013,Low Risk,0,0.037528685835291294
1,52,109.1,5647.95,False,True,False,True,False,True,True,False,False,True,False,True,False,True,False,False,False,True,False,True,False,False,True,False,True,False,9278-VZKCD,0,1,0.7049454235363362,High Risk,1,0.48034525685218055
0,58,44.1,2413.05,False,True,True,True,False,False,False,False,False,False,False,False,False,False,False,False,False,False,False,False,True,False,True,False,False,True,7636-PEPNS,0,0,0.08448188214603186,Low Risk,0,0.14946380040584853
0,4,55.2,220.65,False,False,False,True,False,False,False,False,False,True,False,True,False,False,False,False,False,False,False,False,False,False,False,False,True,False,1575-KRZZE,0,1,0.5012730057890298,Medium Risk,1,0.5903233449837099
0,38,20.3,749.35,False,True,True,True,False,False,False,True,True,False,True,False,True,False,True,False,True,False,True,False,True,False,False,False,False,True,8590-OHDIW,0,0,0.04734002007598309,Low Risk,0,0.019229300646288038
0,3,20.85,60.65,True,False,True,True,False,False,False,True,True,False,True,False,True,False,True,False,True,False,True,False,False,False,False,False,False,True,7764-BDPEE,0,0,0.3129018521647167,Medium Risk,0,0.11824201201520446
0,62,92.3,5731.45,True,False,False,True,False,True,True,False,False,True,False,True,False,False,False,False,False,False,False,True,True,False,True,False,False,False,9480-BQJEI,0,0,0.2782213252782507,Low Risk,0,0.2893392819575844
0,8,54.25,447.75,False,False,False,True,False,False,False,False,False,True,False,False,False,False,False,True,False,False,False,False,True,False,False,False,False,False,3354-OADJP,0,0,0.19372710817169383,Low Risk,0,0.21208452752217463
0,16,19.75,313.4,True,True,True,True,False,False,False,True,True,False,True,False,True,False,True,False,True,False,True,False,False,False,False,False,True,False,3181-MIZBN,0,0,0.28161461694855144,Low Risk,0,0.20549676398462857
0,8,43.55,335.4,True,False,False,True,False,False,False,False,False,False,False,False,False,False,False,False,False,False,False,False,False,False,False,False,False,True,9327-QSDED,0,1,0.5429418348813875,Medium Risk,1,0.47081975901491013
0,1,19.8,19.8,True,False,False,True,False,False,False,True,True,False,True,False,True,False,True,False,True,False,True,False,False,False,False,False,False,True,4892-VLANZ,1,0,0.39284297204686297,Medium Risk,1,0.5885685553735961
0,52,50.2,2554.0,True,True,True,False,True,False,False,False,False,False,False,True,False,True,False,True,False,True,False,False,False,True,False,False,False,True,0298-XACET,0,0,0.04925387173109007,Low Risk,0,0.04533463611728512
0,72,26.0,1776.0,False,True,False,True,False,True,False,True,True,False,True,False,True,False,True,False,True,False,True,False,False,True,True,False,False,True,6917-FIJHC,0,0,0.01324997130451445,Low Risk,0,0.009880320287794703
1,16,69.65,1043.3,True,False,False,True,False,False,True,False,False,False,False,False,False,False,False,False,False,False,False,False,False,False,False,False,True,False,6557-BZXLQ,0,1,0.7656874101121987,High Risk,1,0.6656069265402509
0,18,89.6,1633.0,True,False,False,True,False,True,True,False,False,False,False,False,False,True,False,False,False,True,False,False,True,False,True,True,False,False,2432-TFSMK,0,1,0.6611634582442527,High Risk,0,0.2921795579060802
0,1,20.25,20.25,True,False,False,True,False,False,False,True,True,False,True,False,True,False,True,False,True,False,True,False,False,False,False,False,False,True,4211-MMAZN,1,0,0.38919717479046806,Medium Risk,1,0.4515868995536827
0,72,75.4,5480.25,True,True,True,True,False,False,False,False,False,False,False,True,False,True,False,False,False,True,False,True,False,True,True,False,False,False,4751-ERMAN,0,0,0.05112850490404121,Low Risk,0,0.10339347526880024
0,49,20.7,1032.05,False,True,False,True,False,False,False,True,True,False,True,False,True,False,True,False,True,False,True,False,True,False,False,True,False,False,8430-TWCBX,0,0,0.035848782068170736,Low Risk,0,0.08138314337298369
0,1,44.0,44.0,True,False,False,True,False,False,False,False,False,False,False,False,False,False,False,False,False,False,False,False,False,False,False,False,True,False,1942-OQFRW,0,1,0.6836187320369189,High Risk,1,0.6974680710002454
0,51,93.5,4619.55,False,True,False,True,False,False,True,False,False,True,False,True,False,True,False,False,False,True,False,False,True,False,True,False,True,False,4075-JFPGR,0,0,0.3450405189347114,Medium Risk,0,0.3111668254018971
1,72,97.25,7133.1,True,True,False,True,False,True,True,False,False,False,False,True,False,False,False,False,False,True,False,True,True,False,True,True,False,False,3339-EAQNV,0,1,0.4228270999639734,Medium Risk,0,0.27093479977156115
1,72,77.35,5396.25,True,True,False,True,False,True,False,False,False,False,False,True,False,True,False,True,False,True,False,False,False,True,False,True,False,False,5329-KRDTM,0,0,0.034740612060673116,Low Risk,0,0.10664852190421967
0,16,19.05,326.65,False,False,False,True,False,False,False,True,True,False,True,False,True,False,True,False,True,False,True,False,True,False,False,False,False,True,0307-BCOPK,0,0,0.14083277177432804,Low Risk,0,0.04768309192105629
0,16,84.9,1398.25,True,True,True,True,False,True,False,False,False,True,False,True,False,False,False,True,False,True,False,True,False,False,False,False,True,False,6473-ULUHT,0,1,0.46514008979071597,Medium Risk,0,0.28741417608974384
0,1,19.65,19.65,True,False,False,True,False,False,False,True,True,False,True,False,True,False,True,False,True,False,True,False,False,False,False,False,False,False,1194-SPVSP,0,0,0.38177677441392976,Medium Risk,0,0.3886499048383046
0,10,85.6,813.85,True,True,False,True,False,True,True,False,False,False,False,False,False,False,False,False,False,True,False,False,False,False,True,False,True,False,7249-WBIYX,1,1,0.8843398381309898,High Risk,1,0.8742207301951733
0,57,100.75,5985.0,False,True,False,True,False,True,True,False,False,False,False,False,False,True,False,False,False,True,False,True,True,False,True,True,False,False,2293-IJWPS,0,1,0.4889226458263894,Medium Risk,1,0.4646130215738516
0,32,90.8,3023.85,True,True,True,True,False,False,True,False,False,True,False,True,False,False,False,False,False,False,False,True,True,False,True,False,True,False,4377-VDHYI,0,1,0.4275305768889783,Medium Risk,0,0.3329798756179987
0,72,101.3,7261.25,False,False,False,True,False,True,True,False,False,True,False,True,False,True,False,False,False,True,False,False,False,True,True,False,False,False,0019-EFAEP,0,0,0.11332456244831264,Low Risk,0,0.0703203207305436
1,58,97.8,5458.8,False,True,False,True,False,True,True,False,False,False,False,True,False,False,False,False,False,True,False,True,True,False,True,False,False,False,2480-EJWYP,0,1,0.48478987279616015,Medium Risk,1,0.4672463475502213
0,23,73.75,1756.6,False,False,False,True,False,True,False,False,False,False,False,False,False,False,False,True,False,True,False,True,True,False,True,False,False,True,8970-ANWXO,0,1,0.41933057722582484,Medium Risk,0,0.18975441990553096
1,25,89.5,2196.15,True,False,False,True,False,True,True,False,False,False,False,True,False,False,False,False,False,True,False,False,False,False,True,False,True,False,8739-WWKDU,1,1,0.836917072372129,High Risk,1,0.8031702427836368
0,32,19.45,674.55,True,True,True,True,False,False,False,True,True,False,True,False,True,False,True,False,True,False,True,False,False,False,True,True,False,False,2171-UDMFD,0,0,0.15935771925839512,Low Risk,0,0.07751075276712224
0,69,104.0,7028.5,False,False,False,True,False,True,True,False,False,False,False,False,False,True,False,True,False,True,False,True,False,True,False,False,True,False,7036-TYDEC,0,0,0.20627002414998794,Low Risk,0,0.26305011936855893
0,72,109.5,7854.9,False,True,True,True,False,False,True,False,False,True,False,True,False,True,False,True,False,True,False,True,False,True,True,True,False,False,3831-YCPUO,0,0,0.08065000524657037,Low Risk,0,0.02515654470343281
0,50,35.4,1748.9,True,False,False,False,True,False,False,False,False,True,False,False,False,False,False,True,False,False,False,False,True,False,True,False,False,True,0121-SNYRK,0,0,0.09890650174205692,Low Risk,0,0.0731990561151157
0,28,106.1,2847.4,True,True,True,True,False,True,True,False,False,True,False,True,False,False,False,False,False,True,False,True,True,False,False,False,True,False,3325-FUYCG,1,1,0.4908249233394587,Medium Risk,0,0.33353040732744094
0,10,20.1,184.4,False,True,False,True,False,False,False,True,True,False,True,False,True,False,True,False,True,False,True,False,True,False,False,False,False,True,1952-DVVSW,0,0,0.17123086431189954,Low Risk,0,0.06964622379358255
0,58,94.7,5430.35,True,True,True,True,False,True,True,False,False,False,False,True,False,False,False,True,False,True,False,False,True,False,True,True,False,False,3571-DPYUH,0,0,0.252511489797196,Low Risk,0,0.1830458738807221
1,7,75.4,533.05,True,True,False,True,False,True,True,False,False,False,False,False,False,False,False,False,False,False,False,False,False,False,True,False,True,False,2077-MPJQO,0,1,0.8867687331067049,High Risk,1,0.8623263383241248
0,4,49.35,219.65,True,False,True,True,False,False,False,False,False,True,False,False,False,False,False,False,False,False,False,False,False,False,False,False,True,False,2391-SOORI,1,1,0.4998780910498431,Medium Risk,1,0.5814292594519763
0,34,60.8,2042.05,False,True,True,True,False,False,False,False,False,True,False,True,False,True,False,False,False,False,False,False,True,False,True,False,False,True,4086-ATNFV,0,0,0.1152787788344567,Low Risk,0,0.11406744447585217
0,70,115.15,8250.0,False,True,True,True,False,True,True,False,False,True,False,True,False,True,False,True,False,True,False,True,False,True,True,True,False,False,3396-DKDEL,0,0,0.11461365671106319,Low Risk,0,0.08935212153933542
1,71,72.9,5139.65,True,True,True,True,False,True,False,False,False,False,False,True,False,True,False,True,False,False,False,True,True,False,True,False,False,False,7471-MQPOS,0,0,0.08850424733906252,Low Risk,0,0.20719064192422054
0,21,103.85,2215.0,True,False,False,True,False,True,True,False,False,True,False,False,False,True,False,False,False,True,False,True,False,False,False,False,False,True,7181-OQCUT,0,1,0.7198337511024848,High Risk,1,0.5952990599692957
0,56,60.25,3282.75,False,False,False,True,False,False,False,False,False,True,False,False,False,True,False,True,False,False,False,False,True,False,True,True,False,False,3489-VSFRD,0,0,0.05637836736328279,Low Risk,0,0.08810004371712801
0,71,76.9,5522.7,True,False,True,True,False,False,False,False,False,True,False,True,False,True,False,True,False,True,False,False,False,True,True,True,False,False,6283-GITPX,0,0,0.01867816337854323,Low Risk,0,0.026371876272511956
0,14,87.25,1258.6,False,True,True,True,False,True,True,False,False,False,False,False,False,True,False,False,False,False,False,True,False,False,True,False,True,False,2845-HSJCY,1,1,0.8544952639348335,High Risk,1,0.7841383884032467
0,41,19.5,798.2,True,True,True,True,False,False,False,True,True,False,True,False,True,False,True,False,True,False,True,False,True,False,False,False,False,False,7216-KAOID,0,0,0.04214316287224517,Low Risk,0,0.01427707761329699
0,3,74.4,215.8,False,False,False,True,False,True,True,False,False,False,False,False,False,False,False,False,False,False,False,False,False,False,False,False,False,False,6680-WKXRZ,1,1,0.7813828525699624,High Risk,1,0.811223271848406
0,58,20.5,1191.4,False,True,True,True,False,False,False,True,True,False,True,False,True,False,True,False,True,False,True,False,False,True,False,True,False,False,2346-LOCWC,0,0,0.009786535611979435,Low Risk,0,0.002507849175304639
0,72,65.7,4575.35,False,True,True,False,True,False,False,False,False,True,False,True,False,True,False,True,False,True,False,True,False,True,False,False,False,False,0769-MURVM,0,0,0.022966171883910334,Low Risk,0,0.002934410827361096
0,13,89.4,1132.35,False,False,False,True,False,True,True,False,False,False,False,True,False,True,False,True,False,False,False,False,False,False,False,False,True,False,3374-LXDEV,1,1,0.6963956373460918,High Risk,1,0.6538081303082648
0,43,79.15,3566.6,True,True,True,True,False,False,False,False,False,True,False,False,False,True,False,True,False,True,False,True,False,True,True,True,False,False,5318-YKDPV,0,0,0.07249499251997676,Low Risk,0,0.052586724772324234
0,41,51.35,2075.1,True,False,False,False,True,False,False,False,False,False,False,False,False,True,False,False,False,True,False,True,True,False,True,False,True,False,8190-ZTQFB,0,1,0.4474053046434553,Medium Risk,0,0.28061972315824396
0,2,70.0,153.05,False,False,False,True,False,False,True,False,False,False,False,False,False,False,False,False,False,False,False,False,False,False,False,False,False,False,4512-ZUIYL,1,1,0.7411610613620165,High Risk,1,0.7837335333697543
0,1,20.3,20.3,False,False,False,True,False,False,False,True,True,False,True,False,True,False,True,False,True,False,True,False,False,False,False,True,False,False,3090-QFUVD,0,0,0.3686814964792529,Medium Risk,0,0.19110306178583006
0,4,79.9,324.3,True,False,False,True,False,False,True,False,False,False,False,False,False,False,False,False,False,False,False,True,False,False,True,False,True,False,4806-KEXQR,1,1,0.8817777288765851,High Risk,1,0.8539181816085818
0,1,19.9,19.9,True,False,False,True,False,False,False,True,True,False,True,False,True,False,True,False,True,False,True,False,False,False,True,False,False,True,2369-FEVNO,0,1,0.4741600693654299,Medium Risk,1,0.6781018845540405
0,72,114.1,8086.4,True,True,False,True,False,True,True,False,False,True,False,True,False,True,False,True,False,True,False,True,False,True,True,True,False,False,9637-CDTKZ,0,0,0.13313674790225816,Low Risk,0,0.032445677930179155
0,69,64.15,4254.1,False,True,True,True,False,True,False,False,False,True,False,False,False,True,False,True,False,False,False,False,False,True,True,True,False,False,2954-PIBKO,0,0,0.020330110894723807,Low Risk,0,0.05881056903180685
0,27,45.85,1246.4,True,True,True,False,True,False,False,False,False,False,False,True,False,True,False,False,False,False,False,True,True,False,True,True,False,False,2212-LYASK,0,0,0.3294272731644334,Medium Risk,0,0.2310239652948754
0,14,59.8,824.85,False,False,True,True,False,False,False,False,False,False,False,False,False,True,False,False,False,True,False,False,False,False,True,True,False,False,9481-SFCQY,0,1,0.5347758359650819,Medium Risk,0,0.39319234283199916
0,19,45.0,865.85,True,False,False,True,False,False,False,False,False,False,False,False,False,False,False,False,False,False,False,False,False,False,True,False,False,False,2828-SLQPF,0,1,0.5011734676823433,Medium Risk,1,0.46456393408880975
0,18,95.95,1745.5,False,True,False,True,False,False,True,False,False,False,False,False,False,True,False,False,False,True,False,True,False,False,True,True,False,False,4647-MUZON,0,1,0.7975038168511365,High Risk,1,0.6684529447151683
0,5,90.35,434.5,True,True,True,True,False,False,True,False,False,True,False,False,False,True,False,False,False,False,False,True,False,False,True,False,False,True,8212-DJRCH,0,1,0.7179046308868922,High Risk,1,0.7017297587419836
0,28,100.35,2799.0,True,True,True,True,False,False,True,False,False,False,False,True,False,True,False,False,False,True,False,True,True,False,False,False,False,False,0516-OOHAR,0,1,0.4304589543046098,Medium Risk,0,0.33458284848008857
0,30,74.65,2308.6,False,False,False,True,False,False,False,False,False,True,False,True,False,True,False,True,False,True,False,False,True,False,False,True,False,False,4973-RLZVI,0,0,0.11189572219110647,Low Risk,0,0.22596793514702654
1,71,104.05,7413.55,False,False,False,True,False,True,True,False,False,False,False,False,False,True,False,False,False,True,False,True,False,True,False,False,False,False,8089-UZWLX,0,0,0.19430533897700678,Low Risk,0,0.20115710730881164
0,1,53.95,53.95,True,False,False,True,False,False,False,False,False,True,False,False,False,False,False,True,False,False,False,False,False,False,True,False,True,False,9732-KPKBW,1,1,0.5809783837785804,Medium Risk,1,0.6135952398877523
0,71,97.2,6910.3,True,True,True,True,False,True,True,False,False,True,False,False,False,False,False,False,False,True,False,True,False,True,True,False,True,False,9715-WZCLW,0,0,0.21952161330039058,Low Risk,0,0.14844789495688998
0,32,62.45,2045.55,False,True,True,True,False,True,False,False,False,False,False,True,False,True,False,False,False,False,False,False,False,False,False,False,False,False,0257-KXZGU,0,0,0.2696758464270634,Low Risk,0,0.19118027657921152
1,70,75.5,5212.65,False,False,False,True,False,True,False,False,False,False,False,True,False,True,False,True,False,True,False,False,False,True,True,False,False,False,0707-HOVVN,0,0,0.05119579686151881,Low Risk,0,0.1459194439019075
0,1,55.25,55.25,True,False,False,True,False,False,False,False,False,False,False,False,False,False,False,False,False,False,False,True,False,False,True,False,True,False,5501-TVMGM,0,1,0.7872857393260244,High Risk,1,0.8032423018227983
0,1,71.0,71.0,True,True,True,True,False,False,True,False,False,False,False,False,False,False,False,False,False,False,False,False,False,False,True,False,True,False,3422-LYEPQ,1,1,0.8322769503154855,High Risk,1,0.8763749529914916
1,4,48.75,179.85,False,False,False,True,False,True,False,False,False,False,False,False,False,False,False,False,False,False,False,False,False,False,False,False,False,True,2277-VWCNI,0,1,0.6625350067300104,High Risk,1,0.6917603184323927
1,43,94.3,3953.15,True,True,False,True,False,True,True,False,False,False,False,True,False,False,False,True,False,True,False,False,False,False,True,False,True,False,5461-QKNTN,0,1,0.6970050405402194,High Risk,1,0.5688882559563478
0,72,92.3,6719.9,True,True,False,True,False,True,False,False,False,True,False,True,False,True,False,True,False,True,False,True,False,True,False,True,False,False,3967-KXAPS,0,0,0.03296624445382585,Low Risk,0,0.007431968669781773
1,72,114.95,8196.4,True,True,True,True,False,True,True,False,False,True,False,True,False,True,False,True,False,True,False,True,False,True,True,False,False,False,6919-ELBGL,0,0,0.12396619225413441,Low Risk,0,0.02851261675089999
1,4,74.4,306.6,True,True,False,True,False,True,True,False,False,False,False,False,False,False,False,False,False,False,False,False,False,False,True,False,False,True,8361-LTMKD,1,1,0.8624931202797846,High Risk,1,0.8378212608744213
0,24,24.6,605.25,False,False,False,True,False,True,False,True,True,False,True,False,True,False,True,False,True,False,True,False,True,False,False,False,False,False,1131-ALZWV,0,0,0.12358408544945608,Low Risk,0,0.06849312164443896
1,1,95.1,95.1,True,True,False,True,False,True,True,False,False,False,False,False,False,False,False,False,False,True,False,True,False,False,True,False,True,False,5178-LMXOP,1,1,0.9379681535003634,High Risk,1,0.9410611625346972
0,1,18.85,18.85,False,False,False,True,False,False,False,True,True,False,True,False,True,False,True,False,True,False,True,False,False,False,False,False,True,False,8992-CEUEN,0,1,0.4782812627839878,Medium Risk,1,0.40889563265158885
1,14,95.6,1273.3,True,False,False,True,False,True,True,False,False,False,False,False,False,False,False,False,False,True,False,True,False,False,True,False,True,False,3320-VEOYC,0,1,0.9108016461198998,High Risk,1,0.8640817274957948
1,36,84.1,3021.6,True,True,False,True,False,True,True,False,False,False,False,False,False,False,False,False,False,False,False,True,False,False,True,False,True,False,3672-YITQD,1,1,0.8201889149141067,High Risk,1,0.737664475612835
0,40,81.2,3292.3,True,True,True,True,False,True,True,False,False,False,False,False,False,True,False,False,False,False,False,False,False,False,True,False,True,False,6080-TCMYC,0,1,0.6547186211400493,High Risk,1,0.619458244465633
1,67,105.05,7171.7,True,False,False,True,False,False,True,False,False,True,False,True,False,False,False,True,False,True,False,True,False,True,True,False,True,False,6734-FQAJX,0,0,0.1804062190119284,Low Risk,0,0.16589721087764608
0,69,92.15,6480.9,True,True,True,True,False,False,True,False,False,False,False,True,False,False,False,True,False,True,False,False,False,True,True,False,False,True,1063-DHQJF,0,0,0.0864989472777036,Low Risk,0,0.05297679406376687
0,1,20.6,20.6,True,False,False,True,False,False,False,True,True,False,True,False,True,False,True,False,True,False,True,False,False,False,False,False,False,True,3976-NLDEZ,0,0,0.38637007350862324,Medium Risk,1,0.6522866851609912
0,10,40.25,411.45,False,False,True,False,True,False,False,False,False,True,False,True,False,False,False,True,False,False,False,False,True,False,False,False,False,True,1729-VLAZJ,0,0,0.20074911359811717,Low Risk,0,0.14958018815724217
0,55,57.55,3046.4,True,True,True,True,False,False,False,False,False,True,False,True,False,False,False,True,False,False,False,False,False,True,False,False,False,False,3400-ESFUW,1,0,0.016751890116907562,Low Risk,0,0.014061644602192681
0,68,113.15,7856.0,True,True,True,True,False,True,True,False,False,True,False,True,False,True,False,True,False,True,False,True,False,True,True,False,True,False,5271-YNWVR,1,0,0.17772397787224933,Low Risk,0,0.06834983873911937
1,66,99.5,6822.15,True,True,True,True,False,True,True,False,False,False,False,False,False,True,False,False,False,True,False,True,False,False,True,True,False,False,1587-FKLZB,1,1,0.608508581294368,High Risk,1,0.48065334083801486
0,7,69.9,497.3,False,False,False,True,False,False,True,False,False,False,False,False,False,False,False,False,False,False,False,False,False,False,True,False,False,True,0958-YHXGP,0,1,0.7827548311913307,High Risk,1,0.7564586087217239
0,10,20.15,220.8,False,True,True,True,False,False,False,True,True,False,True,False,True,False,True,False,True,False,True,False,False,True,False,False,False,True,1494-EJZDW,0,0,0.07471901402099894,Low Risk,0,0.02517823995528279
0,1,29.15,29.15,True,False,False,False,True,False,False,False,False,False,False,False,False,False,False,True,False,False,False,False,False,False,False,False,False,True,1816-FLZDK,0,1,0.6407277754212413,High Risk,1,0.5195476559811804
0,55,19.35,1153.25,True,True,True,True,False,False,False,True,True,False,True,False,True,False,True,False,True,False,True,False,False,True,False,False,False,False,2075-PUEPR,0,0,0.011987506700413536,Low Risk,0,0.03913150554323174
0,45,107.75,4882.8,True,True,False,True,False,True,True,False,False,False,False,True,False,True,False,False,False,True,False,True,False,False,True,False,False,False,1833-TCXKK,0,1,0.693326269444996,High Risk,1,0.650255825864963
0,10,67.8,653.15,False,True,False,True,False,False,False,False,False,False,False,False,False,True,False,False,False,True,False,True,False,False,True,True,False,False,1436-ZMJAN,0,1,0.700455588452626,High Risk,0,0.37920591778811097
0,69,116.0,8182.85,False,True,False,True,False,True,True,False,False,True,False,True,False,True,False,True,False,True,False,True,False,True,True,False,True,False,0106-UGRDO,0,0,0.19640739631543658,Low Risk,0,0.059027930405980096
1,1,85.05,85.05,False,False,False,True,False,True,True,False,False,False,False,False,False,False,False,False,False,False,False,True,False,False,True,False,True,False,1069-XAIEM,1,1,0.9205007250233259,High Risk,1,0.946166531598948
0,33,25.7,826.1,False,False,False,True,False,True,False,True,True,False,True,False,True,False,True,False,True,False,True,False,False,True,False,True,False,False,4213-HKBJO,0,0,0.04367620541270807,Low Risk,0,0.12580918003783786
0,45,81.65,3618.7,False,False,False,True,False,False,False,False,False,True,False,False,False,True,False,True,False,True,False,True,False,True,False,False,False,False,8345-MVDYC,0,0,0.053655638680385496,Low Risk,0,0.03933434280089052
0,1,44.75,44.75,False,False,False,True,False,False,False,False,False,False,False,False,False,False,False,False,False,False,False,False,False,False,False,False,False,True,2672-OJQZP,0,1,0.5900424062174894,Medium Risk,1,0.6993540311874522
0,31,71.05,2168.15,True,False,False,True,False,True,False,False,False,False,False,True,False,False,False,True,False,True,False,False,False,False,True,False,True,False,5136-RGMZO,0,1,0.5035061631232207,Medium Risk,0,0.2977061280561165
0,50,20.35,938.95,True,True,True,True,False,False,False,True,True,False,True,False,True,False,True,False,True,False,True,False,True,False,True,False,False,True,5774-QPLTF,0,0,0.0408554912650387,Low Risk,0,0.012726836099690716
0,57,87.55,4884.85,False,False,False,True,False,True,True,False,False,True,False,True,False,False,False,True,False,False,False,False,False,False,True,False,False,False,5240-CAOYT,0,0,0.30808760006079744,Medium Risk,0,0.1889170361046217
0,1,74.25,74.25,True,False,False,True,False,True,True,False,False,False,False,False,False,False,False,False,False,False,False,False,False,False,True,False,False,True,3707-GNWHM,1,1,0.8534289137047691,High Risk,1,0.8896484130968149
0,2,75.8,160.75,False,False,False,True,False,False,True,False,False,False,False,False,False,True,False,False,False,False,False,False,False,False,True,False,True,False,5159-YFPKQ,1,1,0.8471459190339077,High Risk,1,0.8423472257223852
0,3,105.35,323.25,True,False,False,True,False,True,True,False,False,False,False,True,False,True,False,False,False,True,False,True,False,False,True,False,False,False,5052-PNLOS,1,1,0.8674353551960738,High Risk,1,0.81417780372728
1,67,94.65,6079.0,True,True,False,True,False,True,True,False,False,False,False,False,False,False,False,False,False,True,False,True,False,False,True,True,False,False,6173-GOLSU,0,1,0.6253543197436697,High Risk,1,0.5446026523296583
1,42,104.75,4323.45,False,False,False,True,False,True,True,False,False,False,False,True,False,True,False,False,False,True,False,True,False,False,True,False,False,False,6661-HBGWL,1,1,0.7395791921647898,High Risk,1,0.6849277892808404
0,70,26.0,2006.95,False,True,False,True,False,True,False,True,True,False,True,False,True,False,True,False,True,False,True,False,False,True,True,False,False,False,8207-VVMYB,0,0,0.014484599514756027,Low Risk,0,0.007208040327294293
0,71,20.85,1539.75,True,True,False,True,False,False,False,True,True,False,True,False,True,False,True,False,True,False,True,False,True,False,False,False,True,False,5324-KTGCG,0,0,0.02225325581548618,Low Risk,0,0.06653319106723647
0,9,75.85,724.65,True,False,False,True,False,True,True,False,False,False,False,False,False,False,False,False,False,False,False,False,False,False,True,False,True,False,7354-OIJLX,0,1,0.8604844114037071,High Risk,1,0.820184101236423
0,72,45.25,3139.8,True,True,True,False,True,False,False,False,False,True,False,True,False,True,False,True,False,False,False,False,False,True,False,True,False,False,9286-BHDQG,0,0,0.011349544128470076,Low Risk,0,0.011197689198001817
0,53,105.25,5576.3,True,True,True,True,False,True,True,False,False,False,False,True,False,True,False,False,False,True,False,True,True,False,True,False,True,False,3567-PQTSO,0,1,0.528196495280764,Medium Risk,1,0.4494195598168371
1,19,105.0,2007.25,False,False,False,True,False,False,True,False,False,True,False,True,False,False,False,True,False,True,False,True,False,False,True,False,False,True,3197-ARFOY,0,1,0.668981197659283,High Risk,1,0.602526996907757
0,9,94.4,857.25,False,False,False,True,False,True,True,False,False,False,False,False,False,False,False,False,False,True,False,True,False,False,False,False,True,False,5698-BQJOH,1,1,0.8796710277713828,High Risk,1,0.8489724074482383
0,72,105.5,7611.55,True,True,True,True,False,False,True,False,False,True,False,True,False,False,False,True,False,True,False,True,False,True,False,False,False,False,1090-ESELR,0,0,0.058893234366533036,Low Risk,0,0.0619375497369962
0,20,39.4,825.4,True,True,True,False,True,False,False,False,False,True,False,False,False,True,False,True,False,False,False,False,False,True,True,True,False,False,0056-EPFBG,0,0,0.11915198134006301,Low Risk,0,0.06878489983760988
0,43,20.0,817.95,False,True,True,True,False,False,False,True,True,False,True,False,True,False,True,False,True,False,True,False,True,False,False,False,False,True,4955-VCWBI,0,0,0.03877199353092782,Low Risk,0,0.026302908059236973
0,50,79.6,4024.2,False,False,False,True,False,True,False,False,False,False,False,True,False,False,False,True,False,True,False,True,False,True,True,False,False,True,4717-GHADL,0,0,0.11765597386101534,Low Risk,0,0.05294743884047918
0,55,89.8,4959.6,False,True,False,True,False,True,True,False,False,True,False,False,False,False,False,False,False,True,False,False,False,False,True,False,False,False,0058-EVZWM,0,1,0.49456009784603777,Medium Risk,0,0.36517286437838903
0,2,94.2,167.5,True,True,False,True,False,False,True,False,False,False,False,False,False,False,False,True,False,True,False,True,False,False,True,False,True,False,7218-HKQFK,1,1,0.877655667482827,High Risk,1,0.833443149233484
0,9,20.35,191.1,False,True,True,True,False,False,False,True,True,False,True,False,True,False,True,False,True,False,True,False,False,True,False,False,False,True,5057-RKGLH,0,0,0.07707238463151295,Low Risk,0,0.032229132420193984
0,10,33.9,298.45,True,False,False,False,True,False,False,False,False,False,False,False,False,False,False,False,False,False,False,True,False,False,True,False,False,True,2309-OSFEU,1,1,0.7612978262163226,High Risk,1,0.4973352723550905
0,71,77.35,5550.1,False,False,False,True,False,False,False,False,False,True,False,True,False,True,False,True,False,True,False,False,False,True,False,True,False,False,3429-IFLEM,0,0,0.016170089078385123,Low Risk,0,0.043003288929140134
0,32,84.15,2585.95,False,True,False,True,False,False,True,False,False,False,False,True,False,False,False,False,False,False,False,True,False,False,False,False,False,False,1550-LOAHA,1,1,0.5723204640441393,Medium Risk,1,0.46241658586378925
1,3,105.9,334.65,True,True,False,True,False,True,True,False,False,False,False,True,False,True,False,False,False,True,False,True,False,False,True,False,True,False,1400-MMYXY,1,1,0.9192918835457247,High Risk,1,0.8677576582741807
1,16,74.3,1178.25,True,True,False,True,False,False,True,False,False,False,False,True,False,False,False,False,False,False,False,False,False,False,True,True,False,False,7503-QQRVF,1,1,0.7334020140819266,High Risk,1,0.643083277968661
0,25,69.75,1729.35,True,False,False,True,False,False,True,False,False,False,False,False,False,False,False,False,False,False,False,False,False,False,False,False,True,False,7504-UWHNB,0,1,0.679681475215734,High Risk,1,0.5812247784527849
0,38,70.45,2597.6,True,False,False,True,False,False,True,False,False,False,False,False,False,False,False,False,False,False,False,False,True,False,True,False,False,False,9565-JSNFM,1,0,0.3796431819908115,Medium Risk,0,0.2809250077720815
0,40,20.15,804.85,False,False,False,True,False,False,False,True,True,False,True,False,True,False,True,False,True,False,True,False,False,True,False,False,False,True,4735-BJKOU,0,0,0.027116632394252403,Low Risk,0,0.004403878691567197
0,61,24.2,1445.2,False,True,True,True,False,True,False,True,True,False,True,False,True,False,True,False,True,False,True,False,False,True,True,False,False,True,3580-GICBM,0,0,0.01736534304274941,Low Risk,0,0.03425603540215228
0,25,20.05,520.1,False,True,True,True,False,False,False,True,True,False,True,False,True,False,True,False,True,False,True,False,True,False,False,False,False,True,7632-YUTXB,0,0,0.08054314160423784,Low Risk,0,0.019221294081535518
0,48,95.5,4627.85,False,False,True,True,False,False,True,False,False,False,False,True,False,True,False,True,False,True,False,False,False,True,True,False,False,True,9412-ARGBX,1,0,0.14054926341938573,Low Risk,0,0.10514972475133964
0,3,69.55,222.3,False,False,False,True,False,False,True,False,False,False,False,False,False,False,False,False,False,False,False,False,False,False,True,False,False,False,9576-ANLXO,1,1,0.7974912747466809,High Risk,1,0.7859253398925525
0,63,108.25,6780.1,False,False,False,True,False,True,True,False,False,True,False,True,False,True,False,False,False,True,False,True,False,False,False,True,False,False,1110-KYLGQ,0,1,0.4299964252907507,Medium Risk,0,0.2843395425003096
1,37,76.25,2841.55,False,False,False,True,False,True,True,False,False,False,False,False,False,False,False,False,False,False,False,False,False,False,True,False,True,False,8696-JKZNU,1,1,0.7439008498618876,High Risk,1,0.7076586492614266
0,1,49.8,49.8,True,False,False,True,False,False,False,False,False,True,False,False,False,False,False,False,False,False,False,False,False,False,True,True,False,False,8757-TFHHJ,0,1,0.5627999002586618,Medium Risk,1,0.6364268625782198
0,17,80.85,1400.85,True,True,True,True,False,False,True,False,False,False,False,False,False,False,False,False,False,True,False,False,False,False,False,False,True,False,2955-BJZHG,1,1,0.7354229267690935,High Risk,1,0.686777253569806
0,3,69.35,191.35,True,False,False,True,False,False,False,False,False,False,False,False,False,False,False,True,False,True,False,True,False,False,True,False,True,False,9048-JVYVF,1,1,0.7566238269728914,High Risk,1,0.5303892159013538
0,21,86.05,1818.9,False,True,False,True,False,False,True,False,False,False,False,False,False,False,False,True,False,True,False,False,False,False,True,False,True,False,0682-USIXD,0,1,0.7489849988506205,High Risk,1,0.640166405887524
0,67,36.15,2434.45,False,True,True,False,True,False,False,False,False,True,False,True,False,False,False,False,False,False,False,False,False,True,False,False,False,False,3884-UEBXB,0,0,0.017332774735333165,Low Risk,0,0.038828288840816676
0,34,20.1,682.1,False,True,True,True,False,False,False,True,True,False,True,False,True,False,True,False,True,False,True,False,True,False,True,False,False,False,1776-SPBWV,0,0,0.07317087543451146,Low Risk,0,0.03868971369853849
0,18,90.7,1597.25,True,False,False,True,False,True,True,False,False,False,False,False,False,True,False,False,False,False,False,True,False,False,True,True,False,False,9050-QLROH,1,1,0.7991254788349379,High Risk,1,0.6060702177364983
0,72,88.7,6501.35,True,True,True,True,False,True,False,False,False,True,False,True,False,True,False,True,False,True,False,True,False,True,False,True,False,False,2925-VDZHY,0,0,0.028410701941011477,Low Risk,0,0.007110770314766709
0,18,95.15,1779.95,True,True,True,True,False,False,True,False,False,False,False,False,False,True,False,False,False,True,False,True,False,False,False,False,False,True,9512-UIBFX,1,1,0.7160684627586908,High Risk,1,0.5640697380906843
0,3,75.0,209.1,True,False,False,True,False,True,True,False,False,False,False,False,False,False,False,False,False,False,False,False,False,False,False,False,False,True,8676-TRMJS,1,1,0.7918086815634454,High Risk,1,0.7705556876961275
0,1,49.95,49.95,False,False,False,True,False,True,False,False,False,False,False,False,False,False,False,False,False,False,False,False,False,False,True,False,False,False,3334-CTHOL,1,1,0.7061170186320453,High Risk,1,0.7202455140539302
0,10,72.15,794.25,True,False,False,True,False,True,False,False,False,False,False,False,False,False,False,False,False,True,False,True,False,False,True,True,False,False,6331-LWDTQ,1,1,0.736774128371796,High Risk,1,0.4964146424134422
0,10,20.9,247.0,False,False,False,True,False,False,False,True,True,False,True,False,True,False,True,False,True,False,True,False,False,False,True,False,False,True,3847-BAERP,0,0,0.36768975851367197,Medium Risk,0,0.0922191077593189
0,29,20.0,540.05,False,True,True,True,False,False,False,True,True,False,True,False,True,False,True,False,True,False,True,False,True,False,False,False,True,False,4709-LKHYG,0,0,0.09386797858058347,Low Risk,0,0.019446153237750393
1,34,94.25,3217.55,False,True,False,True,False,True,True,False,False,False,False,True,False,True,False,False,False,False,False,True,False,False,True,False,True,False,8621-MNIHH,1,1,0.802458044717433,High Risk,1,0.6470700814401446
1,7,101.95,700.85,True,True,False,True,False,True,True,False,False,False,False,False,False,True,False,False,False,True,False,True,False,False,True,False,True,False,8884-ADFVN,1,1,0.9206455682687825,High Risk,1,0.8980444577131416
0,69,86.9,6194.1,True,True,True,True,False,True,False,False,False,True,False,False,False,True,False,True,False,True,False,True,False,True,False,False,False,False,2885-HIJDH,0,0,0.032252033957594205,Low Risk,0,0.04586090879612071
0,36,54.45,1893.5,False,False,False,True,False,True,False,False,False,True,False,False,False,False,False,False,False,False,False,False,True,False,False,False,False,True,8570-KLJYJ,0,0,0.14297053667878848,Low Risk,0,0.0750622076734806
0,72,85.95,6151.9,True,True,False,True,False,True,False,False,False,False,False,True,False,True,False,True,False,True,False,True,False,True,False,False,False,False,9339-FIIJL,0,0,0.046286347663023066,Low Risk,0,0.01158504756975282
0,42,20.65,958.1,False,False,False,True,False,False,False,True,True,False,True,False,True,False,True,False,True,False,True,False,True,False,True,False,False,True,6223-DHJGV,0,0,0.06862240329762724,Low Risk,0,0.010873929241505577
0,42,99.0,4298.45,True,False,False,True,False,True,True,False,False,True,False,True,False,True,False,False,False,False,False,True,True,False,True,False,True,False,0959-WHOKV,0,1,0.49258387511598495,Medium Risk,0,0.36018768874033286
0,67,43.9,3097.2,True,False,False,False,True,False,False,False,False,True,False,False,False,False,False,True,False,True,False,False,False,True,False,False,True,False,9610-WCESF,0,0,0.04101503297502236,Low Risk,0,0.17608841989196072
1,21,95.4,2025.1,False,False,False,True,False,True,True,False,False,False,False,False,False,False,False,False,False,True,False,True,False,False,True,False,False,False,9279-CJEOJ,0,1,0.8493778747306633,High Risk,1,0.7605972574455099
0,23,93.5,2341.55,False,False,False,True,False,True,True,False,False,False,False,False,False,False,False,False,False,True,False,True,False,False,True,False,True,False,2985-FMWYF,0,1,0.8823933844774362,High Risk,1,0.7844530535940127
0,15,86.2,1270.2,False,False,False,True,False,False,True,False,False,True,False,False,False,False,False,False,False,True,False,False,False,False,False,False,True,False,3540-RZJYU,1,1,0.6966598644571184,High Risk,1,0.6330310820279252
1,34,64.2,2106.3,False,True,False,True,False,False,False,False,False,False,False,False,False,True,False,True,False,True,False,False,True,False,False,False,False,False,2522-WLNSF,0,0,0.17882111805038117,Low Risk,0,0.15215843213643873
1,7,99.25,665.45,True,True,False,True,False,True,True,False,False,False,False,False,False,True,False,False,False,True,False,True,False,False,True,False,True,False,6861-XWTWQ,1,1,0.9266350653556622,High Risk,1,0.9246039803488939
0,9,20.4,184.1,True,False,True,True,False,False,False,True,True,False,True,False,True,False,True,False,True,False,True,False,False,False,False,False,False,True,8735-NBLWT,0,0,0.2640234540164084,Low Risk,0,0.1055295049296534
0,34,24.7,780.2,False,True,False,True,False,True,False,True,True,False,True,False,True,False,True,False,True,False,True,False,False,False,False,False,True,False,1744-JHKYS,0,0,0.2238257787323702,Low Risk,0,0.031285539435985686
0,1,35.55,35.55,True,False,False,False,True,False,False,False,False,False,False,False,False,False,False,False,False,False,False,True,False,False,True,False,True,False,0841-NULXI,1,1,0.860127010089082,High Risk,1,0.8988247668977114
0,25,108.9,2809.05,False,False,False,True,False,True,True,False,False,False,False,True,False,True,False,True,False,True,False,True,False,True,False,False,True,False,4016-BJKTZ,0,1,0.41465185727977355,Medium Risk,0,0.3251458503800818
0,72,115.5,8312.75,False,True,False,True,False,True,True,False,False,True,False,True,False,True,False,True,False,True,False,True,False,True,True,False,False,False,9298-WGMRW,0,0,0.1295904083424813,Low Risk,0,0.034979201142740377
0,1,20.55,20.55,True,False,False,True,False,False,False,True,True,False,True,False,True,False,True,False,True,False,True,False,False,False,False,False,True,False,7893-IXHRQ,1,1,0.47192069381324553,Medium Risk,0,0.30703786767706215
0,60,99.8,5985.75,False,True,False,True,False,True,True,False,False,False,False,True,False,False,False,False,False,True,False,True,False,False,True,False,True,False,8785-CJSHH,0,1,0.7040472214628223,High Risk,1,0.6113618585031283
0,43,84.25,3539.25,True,True,False,True,False,False,True,False,False,True,False,False,False,True,False,True,False,False,False,False,True,False,True,False,False,False,7654-YWJUF,0,0,0.21426436548889854,Low Risk,0,0.18281860688604057
0,3,21.2,52.05,True,False,False,True,False,False,False,True,True,False,True,False,True,False,True,False,True,False,True,False,True,False,False,False,False,True,8909-BOLNL,0,0,0.21401730654330145,Low Risk,0,0.1046952948307048
1,72,84.1,5981.65,True,True,False,True,False,True,False,False,False,True,False,True,False,True,False,False,False,True,False,True,False,True,True,True,False,False,9919-FZDED,0,0,0.07048811341058744,Low Risk,0,0.041012567290001224
0,2,45.35,89.5,True,False,False,True,False,False,False,False,False,False,False,False,False,False,False,False,False,False,False,False,False,False,False,False,True,False,0322-CHQRU,1,1,0.6653361678775965,High Risk,1,0.7407835945305863
0,10,98.9,1064.95,True,False,False,True,False,False,True,False,False,True,False,False,False,True,False,False,False,True,False,True,True,False,True,False,True,False,3587-PMCOY,0,1,0.7172268610388637,High Risk,1,0.5548514674760338
0,7,98.05,713.0,True,False,False,True,False,True,True,False,False,False,False,False,False,True,False,False,False,True,False,True,False,False,True,False,False,False,0655-RBDUG,1,1,0.8825199456358307,High Risk,1,0.8792791407834396
0,33,51.45,1758.9,False,True,False,True,False,False,False,False,False,False,False,False,False,False,False,True,False,False,False,False,True,False,True,False,False,True,0983-TATYJ,0,0,0.17343884983320113,Low Risk,0,0.14654746207847752
0,31,81.15,2640.55,True,False,False,True,False,True,True,False,False,False,False,True,False,False,False,False,False,False,False,False,False,False,True,False,True,False,5650-YLIBA,0,1,0.7355281106496061,High Risk,1,0.6903557850215563
1,38,94.75,3653.0,True,False,False,True,False,True,True,False,False,False,False,False,False,False,False,False,False,True,False,True,False,False,False,False,True,False,5144-TVGLP,0,1,0.8020747462065279,High Risk,1,0.6387489145000615
0,24,84.35,1938.05,False,False,False,True,False,True,True,False,False,True,False,False,False,False,False,True,False,False,False,False,False,False,True,False,True,False,3569-EDBPQ,0,1,0.6482896924765221,High Risk,1,0.5947475933775457
0,28,59.55,1646.45,False,False,False,True,False,False,False,False,False,False,False,False,False,True,False,False,False,True,False,False,False,False,True,False,False,False,4945-RVMTE,0,1,0.4749769219756819,Medium Risk,0,0.2731368108618187
0,72,38.5,2763.0,True,True,True,False,True,False,False,False,False,True,False,True,False,True,False,False,False,False,False,False,False,True,False,True,False,False,3511-BFTJW,0,0,0.015837041492404363,Low Risk,0,0.04436823460025085
0,20,19.25,375.25,False,True,False,True,False,False,False,True,True,False,True,False,True,False,True,False,True,False,True,False,False,False,False,False,False,False,5537-UXXVS,0,0,0.2150116910491993,Low Risk,0,0.17850687898903816
0,60,79.0,4801.1,True,False,False,True,False,False,False,False,False,True,False,False,False,True,False,True,False,True,False,True,True,False,False,False,False,True,8782-NUUOL,0,0,0.08084583923973117,Low Risk,0,0.13994200551902972
1,4,89.2,346.2,False,False,False,True,False,True,True,False,False,False,False,False,False,True,False,False,False,True,False,False,False,False,True,False,True,False,2865-TCHJW,1,1,0.9103124618651675,High Risk,1,0.9009468989100907
0,46,55.0,2473.95,False,True,False,True,False,True,False,False,False,True,False,False,False,False,False,False,False,False,False,False,False,False,False,False,False,False,9931-KGHOA,0,0,0.1888969714235846,Low Risk,0,0.15875234505885538
0,72,82.3,5815.15,True,True,True,True,False,True,False,False,False,True,False,True,False,True,False,True,False,True,False,False,False,True,False,False,False,False,3071-MVJCD,0,0,0.017257664556924426,Low Risk,0,0.01318551670506481
1,41,113.2,4689.5,False,False,False,True,False,True,True,False,False,True,False,True,False,True,False,False,False,True,False,True,False,False,True,False,True,False,7279-BUYWN,1,1,0.735813934135344,High Risk,1,0.5275185464816856
1,65,100.75,6674.65,True,True,False,True,False,True,True,False,False,True,False,False,False,False,False,False,False,True,False,True,True,False,True,False,True,False,3756-VNWDH,0,1,0.48471368111909946,Medium Risk,0,0.30159956916807895
0,43,29.3,1224.05,True,True,True,False,True,False,False,False,False,False,False,True,False,False,False,False,False,False,False,False,False,False,False,True,False,False,1395-OFUWC,0,0,0.23016765958280969,Low Risk,0,0.33585981081686483
0,21,64.85,1336.8,False,False,True,True,False,False,False,False,False,True,False,False,False,True,False,False,False,False,False,True,True,False,False,False,False,True,4223-BKEOR,0,0,0.18344161859077507,Low Risk,0,0.15286584553279126
0,54,20.4,1090.6,True,True,True,True,False,False,False,True,True,False,True,False,True,False,True,False,True,False,True,False,False,True,False,True,False,False,0040-HALCW,0,0,0.01194128312239672,Low Risk,0,0.020471188821902273
1,61,104.4,6405.0,False,True,False,True,False,True,True,False,False,False,False,True,False,True,False,False,False,True,False,True,True,False,True,True,False,False,7124-UGSUR,1,1,0.4733328742779229,Medium Risk,1,0.4018668207961584
0,20,55.0,1165.55,True,False,False,False,True,False,False,False,False,True,False,True,False,True,False,True,False,True,False,False,False,False,True,True,False,False,7395-XWZOY,0,1,0.4409808908119073,Medium Risk,0,0.34088486943607954
0,69,105.2,7386.05,True,False,False,True,False,True,True,False,False,False,False,True,False,False,False,True,False,True,False,True,True,False,True,False,False,False,5440-VHLUL,0,0,0.32186622031121637,Medium Risk,1,0.4960627876631115
1,1,45.2,45.2,True,False,False,True,False,False,False,False,False,False,False,False,False,False,False,False,False,False,False,False,False,False,False,False,True,False,4706-DGAHW,0,1,0.7073907142532144,High Risk,1,0.7504140726668842
1,33,93.55,3055.5,True,True,False,True,False,False,True,False,False,True,False,True,False,False,False,True,False,False,False,True,True,False,True,False,True,False,8166-ORCHU,0,1,0.4431057217251622,Medium Risk,0,0.3015165061772357
0,19,20.85,467.5,True,False,True,True,False,False,False,True,True,False,True,False,True,False,True,False,True,False,True,False,False,True,False,True,False,False,3978-YNKDD,0,0,0.04990090081687552,Low Risk,0,0.007413457548741535
0,2,79.0,143.65,True,False,False,True,False,False,True,False,False,False,False,False,False,False,False,False,False,True,False,False,False,False,False,False,True,False,7198-GLXTC,1,1,0.849866465920454,High Risk,1,0.8274115223901224
0,13,63.15,816.8,False,True,True,True,False,False,False,False,False,True,False,False,False,True,False,False,False,False,False,True,False,False,True,False,False,True,6366-XIVKZ,0,1,0.4781119910657585,Medium Risk,0,0.2898710047916971
0,1,45.8,45.8,True,False,False,True,False,False,False,False,False,False,False,False,False,False,False,False,False,False,False,False,False,False,True,False,False,True,5133-POWUA,0,1,0.6673176665307358,High Risk,1,0.7693129901625994
0,55,55.7,3131.8,False,True,True,True,False,False,False,False,False,True,False,True,False,False,False,False,False,False,False,False,False,False,False,False,True,False,8400-WZICQ,0,0,0.12014327791448508,Low Risk,0,0.12451816663391763
0,22,95.1,2162.6,True,False,False,True,False,True,True,False,False,False,False,False,False,False,False,False,False,True,False,True,False,False,True,False,True,False,5382-SOYZL,0,1,0.8809815863637576,High Risk,1,0.8133501443146854
1,27,75.5,1893.95,True,True,False,True,False,True,True,False,False,False,False,False,False,False,False,False,False,False,False,False,False,False,True,False,True,False,1989-PRJHP,1,1,0.8035278222991555,High Risk,1,0.6860162598865057
1,13,89.05,1169.35,True,True,False,True,False,False,True,False,False,False,False,True,False,False,False,True,False,False,False,True,False,False,True,False,False,False,4154-AQUGT,1,1,0.7400082960823879,High Risk,1,0.6965390527747378
0,26,50.35,1285.8,True,True,True,True,False,False,False,False,False,False,False,False,False,True,False,False,False,False,False,False,True,False,False,False,False,True,0980-FEXWF,0,0,0.17909071929020803,Low Risk,0,0.12654627232246404
0,35,20.1,655.3,True,True,True,True,False,False,False,True,True,False,True,False,True,False,True,False,True,False,True,False,False,True,False,False,False,True,5845-BZZIB,0,0,0.027721976060901946,Low Risk,0,0.012158950581192457
1,56,104.75,5841.35,False,False,False,True,False,True,True,False,False,False,False,True,False,True,False,False,False,True,False,True,False,False,False,False,True,False,4840-ORQXB,0,1,0.6847266349461156,High Risk,1,0.4973681519373529
0,1,95.45,95.45,True,False,False,True,False,True,True,False,False,False,False,False,False,False,False,False,False,True,False,True,False,False,True,False,True,False,0295-PPHDO,1,1,0.9264668448319255,High Risk,1,0.9294093270239735
1,1,74.3,74.3,True,True,False,True,False,True,True,False,False,False,False,False,False,False,False,False,False,False,False,False,False,False,False,False,True,False,8775-ERLNB,0,1,0.8747580867192387,High Risk,1,0.855093351482318
0,23,90.6,1943.2,True,False,False,True,False,True,True,False,False,False,False,False,False,False,False,True,False,True,False,False,False,False,True,False,True,False,0376-YMCJC,1,1,0.7843260470979302,High Risk,1,0.7366269862783648
0,7,75.45,480.75,False,False,False,True,False,True,True,False,False,False,False,False,False,False,False,False,False,False,False,False,False,False,False,False,False,True,7410-YTJIK,1,1,0.7611079004118857,High Risk,1,0.7697067674353094
0,22,104.6,2180.55,True,True,False,True,False,False,True,False,False,True,False,True,False,False,False,True,False,True,False,True,False,False,True,False,True,False,9927-DSWDF,0,1,0.7024311500731482,High Risk,1,0.656955186552702
0,56,59.5,3389.25,True,True,False,True,False,True,False,False,False,False,False,True,False,True,False,False,False,False,False,False,False,True,False,True,False,False,6681-ZSEXG,0,0,0.05135530105315849,Low Risk,0,0.05034228358842803
0,71,82.55,5832.65,True,True,False,True,False,False,False,False,False,True,False,False,False,True,False,True,False,True,False,True,False,True,True,False,True,False,5702-KVQRD,0,0,0.054073685863808965,Low Risk,0,0.05631774568356305
0,59,19.85,1188.25,True,True,True,True,False,False,False,True,True,False,True,False,True,False,True,False,True,False,True,False,False,True,False,False,False,True,8711-LOBKY,0,0,0.010389569992268683,Low Risk,0,0.012928332873461682
0,18,96.05,1740.7,False,False,False,True,False,False,True,False,False,True,False,False,False,False,False,False,False,True,False,True,False,False,True,False,True,False,9692-TUSXH,1,1,0.798100245491769,High Risk,1,0.7732783972820793
0,60,61.35,3766.2,True,True,False,True,False,False,False,False,False,True,False,True,False,False,False,True,False,False,False,False,False,True,True,False,False,True,4012-YCFAI,0,0,0.024933602961412036,Low Risk,0,0.007554508060535755
0,8,44.45,369.3,False,False,False,True,False,False,False,False,False,False,False,False,False,False,False,False,False,False,False,False,False,False,False,False,False,True,8455-HIRAQ,0,1,0.5290174047942595,Medium Risk,1,0.4564939175829365
0,1,19.75,19.75,True,False,False,True,False,False,False,True,True,False,True,False,True,False,True,False,True,False,True,False,False,False,True,True,False,False,7853-WNZSY,0,1,0.4621967371358749,Medium Risk,0,0.23818820764640128
1,1,70.45,70.45,False,True,False,True,False,False,True,False,False,False,False,False,False,False,False,False,False,False,False,False,False,False,True,False,False,True,0390-DCFDQ,1,1,0.8352679157623563,High Risk,1,0.8546927180424164
0,28,82.85,2320.8,False,True,True,True,False,False,True,False,False,True,False,False,False,False,False,False,False,False,False,True,True,False,True,False,False,False,6421-SZVEM,0,0,0.3961775988409894,Medium Risk,0,0.33398743447691925
0,18,74.15,1387.0,True,False,False,True,False,True,True,False,False,False,False,False,False,False,False,False,False,False,False,False,False,False,False,False,False,True,3094-JOJAI,0,1,0.7137084293524973,High Risk,1,0.4883528197820205
0,24,90.35,2238.5,True,False,False,True,False,False,True,False,False,False,False,False,False,False,False,False,False,True,False,True,False,False,True,False,True,False,4873-ILOLJ,1,1,0.8430705221442265,High Risk,1,0.7531550042814061
0,68,60.3,4109.0,False,True,True,False,True,False,False,False,False,False,False,True,False,True,False,True,False,True,False,True,False,True,False,True,False,False,8181-YHCMF,0,0,0.03825486809333541,Low Risk,0,0.009149282538253001
0,71,104.65,7288.4,True,True,True,True,False,False,True,False,False,True,False,True,False,True,False,False,False,True,False,True,True,False,True,False,False,False,3324-OIRTO,0,0,0.19692571193770722,Low Risk,0,0.23579881064442793
0,64,19.7,1274.05,True,True,True,True,False,False,False,True,True,False,True,False,True,False,True,False,True,False,True,False,False,True,True,False,False,False,9135-HSWOC,0,0,0.011172799313054909,Low Risk,0,0.013546873867692698
0,72,110.75,7751.7,False,True,False,True,False,True,True,False,False,True,False,True,False,True,False,False,False,True,False,True,False,True,True,False,True,False,2272-WUSPA,0,0,0.21857071249838703,Low Risk,0,0.05812552000961831
1,69,110.25,7467.55,False,False,False,True,False,True,True,False,False,True,False,False,False,True,False,True,False,True,False,True,False,True,False,True,False,False,4627-MIHJH,0,0,0.12221092236745608,Low Risk,0,0.23891839237051854
0,67,53.4,3579.15,False,False,False,False,True,False,False,False,False,False,False,False,False,True,False,True,False,True,False,True,False,False,True,True,False,False,3896-RCYYE,0,0,0.256074888488838,Low Risk,0,0.1355943767480872
1,20,80.7,1614.2,False,False,False,True,False,False,True,False,False,False,False,False,False,False,False,False,False,True,False,False,False,False,False,False,False,False,6729-GDNGC,0,1,0.7039520438511255,High Risk,1,0.5237246199536844
0,25,18.7,383.65,False,True,True,True,False,False,False,True,True,False,True,False,True,False,True,False,True,False,True,False,False,True,True,False,False,True,9945-PSVIP,0,0,0.05748086215706994,Low Risk,0,0.03670770401090415
0,50,89.7,4304.5,False,False,False,True,False,False,True,False,False,False,False,False,False,True,False,True,False,False,False,True,False,True,True,False,False,False,4137-JOPHL,0,0,0.17138162124595144,Low Risk,0,0.151483357012745
0,6,48.95,273.25,False,True,True,True,False,True,False,False,False,False,False,False,False,False,False,False,False,False,False,False,False,False,True,True,False,False,2720-FVBQP,0,1,0.6248161089896317,High Risk,1,0.5220794812495274
0,2,19.6,35.85,False,False,True,True,False,False,False,True,True,False,True,False,True,False,True,False,True,False,True,False,False,False,True,False,True,False,7854-EKTJL,1,1,0.4872770436191453,Medium Risk,0,0.22527393285095784
0,18,20.1,407.05,False,False,False,True,False,False,False,True,True,False,True,False,True,False,True,False,True,False,True,False,True,False,False,False,False,True,1133-KXCGE,0,0,0.12778206846963688,Low Risk,0,0.04505015514486766
1,2,56.55,118.25,False,False,False,True,False,True,False,False,False,False,False,True,False,False,False,False,False,False,False,False,False,False,True,True,False,False,6048-QBXKL,0,1,0.685148367508303,High Risk,1,0.6370265072003931
0,3,40.15,130.75,True,False,False,False,True,False,False,False,False,False,False,False,False,True,False,False,False,True,False,False,False,False,True,False,False,True,6338-AVWCY,1,1,0.7912400965752383,High Risk,1,0.6704739501489052
0,9,69.4,571.45,False,False,True,True,False,False,False,False,False,False,False,False,False,False,False,True,False,True,False,True,False,False,True,True,False,False,0013-MHZWF,0,1,0.5666611132641136,Medium Risk,1,0.481913312088168
0,1,69.9,69.9,True,False,False,True,False,False,True,False,False,False,False,False,False,False,False,False,False,False,False,False,False,False,True,False,True,False,9804-ICWBG,1,1,0.86441111281324,High Risk,1,0.924200115558963
0,70,113.65,7939.25,False,False,False,True,False,True,True,False,False,True,False,True,False,True,False,True,False,True,False,True,False,True,True,False,False,False,2368-GAKKQ,0,0,0.1365640223141785,Low Risk,0,0.09542431198276918
0,46,96.05,4399.5,False,False,False,True,False,True,True,False,False,False,False,False,False,False,False,False,False,True,False,True,False,False,False,False,False,False,4829-AUOAX,1,1,0.6349047197401282,High Risk,1,0.5438134663595053
0,15,48.8,720.1,False,False,False,True,False,True,False,False,False,False,False,False,False,False,False,False,False,False,False,False,False,False,True,False,False,True,7876-BEUTG,0,1,0.6120005480739638,High Risk,1,0.4630677208551426
0,53,19.85,1049.6,False,False,False,True,False,False,False,True,True,False,True,False,True,False,True,False,True,False,True,False,False,True,False,True,False,False,6349-JDHQP,0,0,0.015096473693471507,Low Risk,0,0.026949030445827235
0,1,55.4,55.4,False,False,False,True,False,False,False,False,False,False,False,False,False,False,False,False,False,False,False,True,False,False,True,False,True,False,3063-QFSZL,1,1,0.7809487294631384,High Risk,1,0.7531302554707162
0,29,19.35,601.6,False,False,False,True,False,False,False,True,True,False,True,False,True,False,True,False,True,False,True,False,False,False,False,True,False,False,9142-XMYJH,0,0,0.15584301864117933,Low Risk,0,0.06551840252738368
0,1,77.15,77.15,False,False,False,True,False,True,True,False,False,False,False,False,False,False,False,False,False,False,False,False,False,False,True,False,True,False,2609-IAICY,1,1,0.8785967777802137,High Risk,1,0.9298092148824261
0,69,60.05,4176.7,True,False,False,False,True,False,False,False,False,True,False,True,False,False,False,True,False,True,False,True,False,True,True,False,False,False,8626-PTQGE,0,0,0.045556854260825,Low Risk,0,0.02768605492996451
1,63,36.1,2298.9,True,True,False,False,True,False,False,False,False,True,False,False,False,False,False,True,False,False,False,False,True,False,False,False,False,False,0230-UBYPQ,0,0,0.05018211989180813,Low Risk,0,0.09592235437030637
1,51,25.0,1260.7,True,False,False,True,False,True,False,True,True,False,True,False,True,False,True,False,True,False,True,False,True,False,False,False,False,False,6814-ZPWFQ,0,0,0.05171180333373311,Low Risk,0,0.07642784503210924
0,64,73.55,4764.0,True,True,False,True,False,False,True,False,False,True,False,False,False,False,False,False,False,False,False,False,False,False,True,False,False,True,5921-NGYRH,0,0,0.3084031527331485,Medium Risk,0,0.2246988551107139
0,52,84.05,4326.8,False,True,True,True,False,False,True,False,False,True,False,False,False,True,False,True,False,False,False,False,False,False,True,False,False,False,7803-XOCCZ,0,0,0.25383753989106117,Low Risk,0,0.2125261609501734
0,70,59.5,4144.8,True,True,True,False,True,False,False,False,False,True,False,False,False,True,False,True,False,True,False,True,False,True,False,False,False,False,1459-QNFQT,0,0,0.029004743249609808,Low Risk,0,0.017893432402640328
0,9,54.8,452.8,True,True,True,True,False,False,False,False,False,False,False,True,False,False,False,True,False,False,False,False,False,False,False,False,False,True,3948-FVVRP,0,0,0.3482565903984216,Medium Risk,0,0.32205591352699725
0,3,83.75,247.25,False,False,False,True,False,False,True,False,False,False,False,True,False,False,False,False,False,True,False,False,False,False,False,False,True,False,0923-PNFUB,1,1,0.8207197366978205,High Risk,1,0.7333048325288173
0,70,74.8,5315.8,True,True,False,True,False,True,False,False,False,True,False,False,False,True,False,True,False,False,False,True,False,True,True,True,False,False,4654-ULTTN,0,0,0.03864876430605032,Low Risk,0,0.08324325231857443
0,21,84.1,1737.45,True,False,False,True,False,True,True,False,False,False,False,False,False,False,False,False,False,False,False,True,False,False,True,False,True,False,5628-FCGYG,0,1,0.855225212817729,High Risk,1,0.7832701881644036
1,5,75.55,349.65,False,False,False,True,False,False,True,False,False,False,False,False,False,True,False,False,False,False,False,False,False,False,True,True,False,False,0506-LVNGN,1,1,0.7977522372826615,High Risk,1,0.7346677352809808
0,20,108.2,2203.7,True,False,False,True,False,False,True,False,False,True,False,True,False,True,False,True,False,True,False,True,False,False,True,False,False,False,4329-YPDDQ,0,1,0.6313646894071722,High Risk,1,0.5397766093988474
1,72,109.75,8075.35,False,True,False,True,False,True,True,False,False,True,False,False,False,True,False,True,False,True,False,True,False,True,True,False,False,True,9866-OCCKE,0,0,0.1735878506897454,Low Risk,0,0.05952563487315317
0,72,20.3,1401.15,True,True,True,True,False,False,False,True,True,False,True,False,True,False,True,False,True,False,True,False,False,True,False,False,False,False,0794-YVSGE,0,0,0.005566217686732625,Low Risk,0,0.002610005986350612
1,2,70.65,142.35,False,False,False,True,False,False,True,False,False,False,False,False,False,False,False,False,False,False,False,False,False,False,True,False,True,False,4342-HENTK,1,1,0.8717084361138586,High Risk,1,0.8325925582362695
0,23,75.3,1702.9,False,True,True,True,False,False,True,False,False,False,False,False,False,True,False,False,False,False,False,False,False,False,True,True,False,False,5934-TSSAU,0,1,0.6130355386457043,High Risk,1,0.4902494939431569
0,4,20.95,85.5,False,False,False,True,False,False,False,True,True,False,True,False,True,False,True,False,True,False,True,False,False,False,False,False,False,False,9986-BONCE,1,0,0.3351526278492015,Medium Risk,0,0.23708575997996506
0,32,80.35,2596.15,True,False,False,True,False,True,True,False,False,False,False,True,False,False,False,False,False,False,False,False,False,False,True,False,False,False,5301-GAUUY,1,1,0.6442825228758156,High Risk,1,0.5942514123272109
0,36,89.65,3348.1,False,False,False,True,False,True,False,False,False,True,False,False,False,True,False,True,False,True,False,True,True,False,True,True,False,False,0725-CXOTM,0,0,0.20975751836055642,Low Risk,0,0.18950707734545127
0,24,49.7,1218.25,True,False,False,True,False,False,False,False,False,False,False,True,False,False,False,False,False,False,False,False,False,False,True,False,False,True,2843-CQMEG,0,1,0.436341158074994,Medium Risk,0,0.311725159458774
0,6,49.5,312.7,True,False,False,True,False,False,False,False,False,False,False,False,False,False,False,True,False,False,False,False,False,False,True,True,False,False,5600-PDUJF,0,1,0.5381916981795296,Medium Risk,1,0.5289148299993833
0,23,59.7,1414.2,True,True,True,True,False,True,False,False,False,False,False,True,False,False,False,True,False,False,False,False,False,True,False,False,False,True,4500-HKANN,0,0,0.09236612523110048,Low Risk,0,0.07644269190326734
0,48,20.65,1057.0,False,True,True,True,False,False,False,True,True,False,True,False,True,False,True,False,True,False,True,False,False,True,False,False,False,False,1862-QRWPE,0,0,0.015034198946089605,Low Risk,0,0.004932860570084303
0,28,54.9,1505.15,False,False,False,True,False,True,False,False,False,False,False,False,False,False,False,True,False,False,False,False,False,False,True,True,False,False,2155-AMQRX,0,0,0.3932972490240958,Medium Risk,0,0.20029443513251557
1,52,49.15,2550.9,True,False,False,False,True,False,False,False,False,False,False,True,False,False,False,False,False,True,False,True,False,False,True,False,True,False,0823-HSCDJ,1,1,0.5550215764628506,Medium Risk,1,0.555405121915663
0,3,74.95,212.4,False,False,False,True,False,True,True,False,False,False,False,False,False,False,False,False,False,False,False,False,False,False,True,False,True,False,4090-KPJIP,0,1,0.8797139191482176,High Risk,1,0.8776847379283557
0,2,80.55,184.1,False,False,False,True,False,False,True,False,False,False,False,False,False,False,False,False,False,False,False,True,False,False,False,False,True,False,2737-YNGYW,1,1,0.8433298020606076,High Risk,1,0.8469379273522768
0,4,19.95,68.2,True,False,False,True,False,False,False,True,True,False,True,False,True,False,True,False,True,False,True,False,True,False,False,False,False,True,5619-XZZKR,0,0,0.21393821534376922,Low Risk,0,0.05506216682583085
0,5,69.7,316.9,True,False,False,True,False,False,True,False,False,False,False,False,False,False,False,False,False,False,False,False,False,False,True,False,True,False,6047-YHPVI,1,1,0.84873408745596,High Risk,1,0.8013807864264089
1,1,69.6,69.6,False,False,False,True,False,False,True,False,False,False,False,False,False,False,False,False,False,False,False,False,False,False,True,False,True,False,8375-DKEBR,1,1,0.8790447131620414,High Risk,1,0.9268687108819461
0,66,19.75,1344.5,True,True,True,True,False,False,False,True,True,False,True,False,True,False,True,False,True,False,True,False,False,True,True,False,False,True,7729-XBTWX,0,0,0.010862835224160431,Low Risk,0,0.01773552648197625
0,52,102.7,5138.1,False,True,False,True,False,True,True,False,False,False,False,True,False,False,False,True,False,True,False,True,False,False,True,True,False,False,4983-CLMLV,0,1,0.5924454427152864,Medium Risk,1,0.49712773187298476
0,1,24.6,24.6,False,False,False,False,True,False,False,False,False,False,False,False,False,False,False,False,False,False,False,False,False,False,False,False,True,False,9227-LUNBG,1,1,0.7747997764332172,High Risk,1,0.6560718930307862
0,35,89.2,3251.3,True,False,False,True,False,False,True,False,False,True,False,False,False,False,False,True,False,False,False,True,True,False,True,False,True,False,2758-RNWXS,0,1,0.4232070772402734,Medium Risk,0,0.3450166402536415
0,3,55.8,154.55,True,True,False,True,False,False,False,False,False,False,False,False,False,True,False,True,False,False,False,False,False,False,True,False,False,True,7055-HNEOJ,0,1,0.5588173300044477,Medium Risk,1,0.5280265281111207
1,66,102.85,6976.75,False,False,False,True,False,True,True,False,False,False,False,False,False,True,False,True,False,True,False,True,True,False,True,True,False,False,7134-MJPDY,0,1,0.4067553975860371,Medium Risk,1,0.44177293219849983
0,59,68.7,4070.95,False,False,False,True,False,True,False,False,False,True,False,False,False,False,False,True,False,False,False,True,True,False,False,False,False,False,4560-WQAQW,0,0,0.07277122983511534,Low Risk,0,0.08518899747675855
0,52,25.75,1345.85,True,True,True,True,False,True,False,True,True,False,True,False,True,False,True,False,True,False,True,False,False,True,False,False,False,True,8532-UEFWH,0,0,0.018114913302689963,Low Risk,0,0.005108960500946394
0,8,73.5,632.2,False,False,False,True,False,True,True,False,False,False,False,False,False,False,False,False,False,False,False,False,False,False,True,False,True,False,8541-QVFKM,0,1,0.8692788880072022,High Risk,1,0.8278381520048994
0,5,53.8,283.95,False,False,False,True,False,True,False,False,False,True,False,False,False,False,False,False,False,False,False,False,False,False,True,False,True,False,7129-ACFOG,0,1,0.6799177121349594,High Risk,1,0.5781149898103491
0,4,44.55,174.3,True,False,False,False,True,False,False,False,False,False,False,False,False,False,False,False,False,True,False,True,False,False,True,False,True,False,2495-INZWQ,1,1,0.876164902039073,High Risk,1,0.797429118767174
0,50,70.5,3486.65,True,True,True,True,False,True,False,False,False,True,False,False,False,False,False,True,False,True,False,False,False,True,True,True,False,False,0263-FJTQO,0,0,0.052250263116995224,Low Risk,0,0.04321778301060522
0,62,108.15,6825.65,True,True,True,True,False,False,True,False,False,True,False,True,False,True,False,True,False,True,False,True,False,True,False,False,False,True,0181-RITDD,0,0,0.08411841792050545,Low Risk,0,0.14549263576174848
0,61,19.45,1336.35,False,False,False,True,False,False,False,True,True,False,True,False,True,False,True,False,True,False,True,False,True,False,False,False,False,False,8241-JUIQO,0,0,0.022732356616646108,Low Risk,0,0.05195980336839206
0,55,85.5,4713.4,True,True,True,True,False,True,True,False,False,False,False,False,False,False,False,False,False,False,False,True,False,False,False,False,False,False,0913-XWSCN,0,1,0.4553136154036542,Medium Risk,0,0.37805523564094634
0,5,20.05,95.55,True,False,False,True,False,False,False,True,True,False,True,False,True,False,True,False,True,False,True,False,False,False,False,True,False,False,2159-TURXX,0,0,0.33899161888586665,Medium Risk,0,0.19540163858240533
0,35,54.95,1916.0,False,True,True,True,False,False,False,False,False,True,False,False,False,False,False,True,False,False,False,False,True,False,True,False,False,False,6461-PPAXN,0,0,0.09295831925448717,Low Risk,0,0.06470100020633478
0,22,89.1,1949.4,True,False,True,True,False,True,True,False,False,False,False,True,False,False,False,False,False,True,False,False,False,False,True,True,False,False,1452-KIOVK,0,1,0.721482447548667,High Risk,1,0.5831113665148884
0,57,53.35,3090.05,True,False,False,False,True,False,False,False,False,False,False,False,False,True,False,True,False,True,False,True,False,True,False,True,False,False,1139-WUOAH,0,0,0.07942763471910971,Low Risk,0,0.056014833565155776
1,57,95.25,5427.05,True,True,False,True,False,True,True,False,False,False,False,True,False,True,False,False,False,False,False,True,False,False,True,False,False,False,3207-OYBWH,1,1,0.5968749474101601,Medium Risk,1,0.4553519329671734
0,64,19.45,1225.65,False,True,False,True,False,False,False,True,True,False,True,False,True,False,True,False,True,False,True,False,False,True,False,True,False,False,8347-GDTMP,0,0,0.009725524267051757,Low Risk,0,0.0022812246437539565
0,26,95.85,2475.35,False,False,False,True,False,False,True,False,False,True,False,False,False,True,False,True,False,False,False,True,True,False,True,False,False,False,9909-DFRJA,0,0,0.35623651617142715,Medium Risk,0,0.32834671860597603
1,39,99.1,3877.95,False,True,False,True,False,False,True,False,False,True,False,True,False,False,False,False,False,True,False,True,True,False,False,False,False,True,6383-ZTSIW,0,0,0.3785060856461011,Medium Risk,0,0.358076200960104
0,19,59.8,1130.85,False,True,False,True,False,False,False,False,False,False,False,True,False,False,False,False,False,False,False,True,False,False,True,False,False,True,5438-QMDDL,0,1,0.5458233770189651,Medium Risk,0,0.3349849482364964
0,31,93.8,3019.5,True,True,False,True,False,True,True,False,False,False,False,True,False,True,False,False,False,True,False,False,False,False,False,False,True,False,8914-RBTSB,1,1,0.7374422412185797,High Risk,1,0.5439284503444816
0,6,19.85,119.3,False,True,True,True,False,False,False,True,True,False,True,False,True,False,True,False,True,False,True,False,False,False,False,False,False,True,6164-HXUGH,0,0,0.29009385462028187,Low Risk,0,0.1626599687348387
0,52,89.45,4577.75,True,False,False,True,False,True,True,False,False,False,False,False,False,True,False,False,False,False,False,True,False,True,True,True,False,False,6900-RBKER,0,0,0.2728688188644708,Low Risk,0,0.17180235440814917
0,53,85.7,4616.1,True,True,True,True,False,True,False,False,False,True,False,False,False,True,False,True,False,True,False,True,False,False,False,False,True,False,1492-QGCLU,0,0,0.24965034382692006,Low Risk,0,0.2322897370070484
1,56,111.95,6418.9,False,False,False,True,False,True,True,False,False,False,False,True,False,True,False,True,False,True,False,True,True,False,True,False,True,False,6664-FPDAC,1,1,0.5172705526272766,Medium Risk,1,0.42741127777745247
0,56,75.85,4261.2,True,True,True,True,False,True,False,False,False,True,False,True,False,False,False,True,False,False,False,True,False,True,True,True,False,False,1088-AUUZZ,0,0,0.04055029426082517,Low Risk,0,0.03326285636300319
0,49,99.8,4872.45,True,True,True,True,False,True,True,False,False,False,False,False,False,True,False,False,False,True,False,True,False,False,True,False,True,False,6651-AZVTJ,1,1,0.7429263077780048,High Risk,1,0.7201337426682873
0,39,25.0,1004.35,True,False,True,True,False,True,False,True,True,False,True,False,True,False,True,False,True,False,True,False,False,True,False,False,False,True,8219-VYBVI,0,0,0.030774964316991824,Low Risk,0,0.022075081175518707
0,61,99.15,6010.05,False,True,True,True,False,True,True,False,False,False,False,True,False,False,False,False,False,True,False,True,False,False,True,False,True,False,0310-MVLET,1,1,0.6494934738578162,High Risk,1,0.5355398751401496
0,43,34.0,1505.35,False,True,False,False,True,False,False,False,False,True,False,False,False,False,False,True,False,False,False,False,False,False,False,False,False,False,7233-IOQNP,0,0,0.1740529193233857,Low Risk,0,0.22628369701341125
0,5,19.55,99.6,False,False,False,True,False,False,False,True,True,False,True,False,True,False,True,False,True,False,True,False,True,False,False,False,True,False,7311-MQJCH,0,0,0.2666719026335995,Low Risk,0,0.0874732553201998
0,11,20.3,246.3,False,False,False,True,False,False,False,True,True,False,True,False,True,False,True,False,True,False,True,False,False,False,False,False,False,False,9256-JTBNZ,0,0,0.2777827072949345,Low Risk,0,0.28759283495013144
0,2,24.85,62.0,True,False,False,True,False,True,False,True,True,False,True,False,True,False,True,False,True,False,True,False,False,False,False,False,False,True,8713-IGZSO,0,1,0.44022831507778704,Medium Risk,0,0.12912526554604994
0,13,96.65,1244.5,False,False,False,True,False,True,True,False,False,True,False,True,False,False,False,False,False,True,False,False,False,False,True,False,True,False,6821-BUXUX,1,1,0.7875409381833867,High Risk,1,0.8025086799543397
0,72,81.0,5750.0,True,True,True,True,False,True,False,False,False,True,False,True,False,True,False,True,False,False,False,True,False,True,False,True,False,False,9114-DPSIA,0,0,0.018231115898016747,Low Risk,0,0.010995827500811791
1,46,69.1,3255.35,False,False,False,True,False,True,False,False,False,False,False,False,False,True,False,True,False,False,False,True,True,False,True,True,False,False,4501-UYKBC,0,0,0.22082871803884452,Low Risk,0,0.19387422684206976
0,71,108.55,7616.0,True,True,False,True,False,True,True,False,False,True,False,False,False,True,False,True,False,True,False,True,False,True,True,True,False,False,2798-NYLMZ,0,0,0.1488643470595032,Low Risk,0,0.3203561321500774
0,36,87.55,3078.1,False,False,False,True,False,False,True,False,False,False,False,False,False,True,False,True,False,False,False,True,False,False,True,False,True,False,6711-VTNRE,1,1,0.6766513622842004,High Risk,1,0.5247904124851015
0,64,108.5,6880.85,True,True,False,True,False,True,True,False,False,True,False,False,False,True,False,True,False,True,False,True,True,False,True,False,False,True,5966-EMAZU,0,0,0.3095449029869014,Medium Risk,0,0.2900495870502968
0,1,75.3,75.3,False,False,False,True,False,False,True,False,False,True,False,False,False,False,False,False,False,False,False,False,False,False,False,False,False,True,3627-FHKBK,1,1,0.6678052060480837,High Risk,1,0.6406850987310176
0,15,84.3,1308.4,False,True,False,True,False,False,True,False,False,False,False,False,False,True,False,False,False,True,False,False,False,False,True,False,True,False,7861-UVUFT,1,1,0.8366290814234846,High Risk,1,0.7643674686061069
0,36,20.0,666.75,True,True,False,True,False,False,False,True,True,False,True,False,True,False,True,False,True,False,True,False,True,False,False,False,False,True,9824-QCJPK,0,0,0.06581391414275088,Low Risk,0,0.008927982247718225
0,6,40.55,217.5,False,True,True,False,True,False,False,False,False,False,False,True,False,True,False,True,False,False,False,False,False,True,False,False,False,True,7816-VGHTO,0,0,0.1725708252607101,Low Risk,0,0.17096937265655196
0,30,50.0,1474.9,True,True,False,True,False,False,False,False,False,False,False,False,False,True,False,False,False,False,False,False,False,False,True,False,False,True,3794-NFNCH,0,1,0.4108590784508368,Medium Risk,0,0.1989494099378235
0,1,59.85,59.85,True,False,False,True,False,True,False,False,False,False,False,False,False,False,False,False,False,True,False,False,False,False,True,False,True,False,3877-JRJIP,1,1,0.822211537020304,High Risk,1,0.6493879996892521
0,13,80.85,1008.7,True,False,False,True,False,False,True,False,False,False,False,False,False,False,False,False,False,False,False,True,False,False,True,False,True,False,5228-EXCET,1,1,0.8456962566017833,High Risk,1,0.770066128382035
0,61,20.4,1226.45,True,True,True,True,False,False,False,True,True,False,True,False,True,False,True,False,True,False,True,False,True,False,False,False,False,True,6248-BSHKG,0,0,0.018969762056593245,Low Risk,0,0.0238395137499048
0,72,107.7,7919.8,True,True,True,True,False,True,True,False,False,True,False,True,False,False,False,True,False,True,False,True,False,True,True,True,False,False,8915-NNTRC,0,0,0.11487460168837142,Low Risk,0,0.03805898107559086
0,67,74.0,4868.4,False,True,True,True,False,True,False,False,False,True,False,True,False,False,False,True,False,True,False,False,False,True,False,True,False,False,3470-OBUET,0,0,0.020234653462029475,Low Risk,0,0.08117922512918926
0,34,79.95,2727.3,False,False,False,True,False,False,False,False,False,True,False,False,False,True,False,True,False,True,False,True,True,False,True,False,False,False,3229-USWAR,0,0,0.19211003363115697,Low Risk,0,0.18514810564517767
0,72,20.5,1502.25,False,True,False,True,False,False,False,True,True,False,True,False,True,False,True,False,True,False,True,False,False,True,False,True,False,False,1927-QEWMY,0,0,0.006866732148307059,Low Risk,0,0.0011660872939010484
0,46,65.65,3047.15,True,True,False,True,False,False,False,False,False,True,False,True,False,True,False,True,False,False,False,False,False,True,False,False,False,True,6374-AFWOX,0,0,0.02859864987675417,Low Risk,0,0.034057486747683344
0,7,75.1,552.95,False,False,False,True,False,True,True,False,False,False,False,False,False,False,False,False,False,False,False,False,False,False,True,False,False,False,7912-SYRQT,1,1,0.8129920812651865,High Risk,1,0.812364902491806
1,7,76.45,503.6,False,False,False,True,False,False,True,False,False,True,False,False,False,False,False,False,False,False,False,False,False,False,False,False,False,False,2070-FNEXE,1,1,0.6389113737016544,High Risk,1,0.525252478280055
0,72,67.8,4804.65,True,True,False,True,False,True,False,False,False,True,False,True,False,True,False,True,False,False,False,False,False,True,True,False,False,False,5803-NQJZO,0,0,0.022928598534728385,Low Risk,0,0.039860787062742924
0,32,86.1,2723.75,False,True,True,True,False,False,True,False,False,False,False,True,False,False,False,False,False,True,False,False,False,False,True,False,True,False,5651-YLPRD,0,1,0.6752684869105846,High Risk,1,0.5703652527059536
0,39,53.85,2200.7,True,False,False,True,False,True,False,False,False,False,False,False,False,False,False,True,False,False,False,False,False,True,True,True,False,False,1271-UODNO,0,0,0.1017715625743832,Low Risk,0,0.13235426129577918
0,47,96.1,4391.45,True,True,True,True,False,False,True,False,False,True,False,True,False,True,False,False,False,False,False,True,True,False,True,False,True,False,5014-WUQMG,0,0,0.31798320041014055,Medium Risk,0,0.27955778237493867
1,50,95.05,4888.7,False,True,False,True,False,True,True,False,False,False,False,True,False,True,False,False,False,True,False,False,False,False,True,False,True,False,5889-JTMUL,1,1,0.7218670234718184,High Risk,1,0.6261839027620207
0,58,19.55,1108.8,True,True,True,True,False,False,False,True,True,False,True,False,True,False,True,False,True,False,True,False,True,False,True,False,True,False,0788-DXBFY,0,0,0.04238371462488639,Low Risk,0,0.0505459934831462
0,41,81.3,3190.65,False,False,False,True,False,True,True,False,False,True,False,False,False,False,False,False,False,False,False,False,False,False,True,True,False,False,2669-QVCRG,0,1,0.49285357813870206,Medium Risk,1,0.4744612842181535
1,4,83.25,308.05,False,True,False,True,False,True,True,False,False,False,False,False,False,False,False,False,False,True,False,False,False,False,True,False,True,False,6630-UJZMY,0,1,0.9174892451149648,High Risk,1,0.8919573314584164
0,32,61.4,1864.65,False,True,True,True,False,False,False,False,False,True,False,True,False,False,False,True,False,False,False,False,False,False,False,False,False,False,5061-PBXFW,0,0,0.12276196941314367,Low Risk,0,0.1429783472794436
0,1,20.75,20.75,True,False,False,True,False,False,False,True,True,False,True,False,True,False,True,False,True,False,True,False,False,False,False,True,False,False,2700-LUEVA,0,0,0.372652622807615,Medium Risk,0,0.1834548762219365
0,19,19.65,358.15,True,False,False,True,False,False,False,True,True,False,True,False,True,False,True,False,True,False,True,False,False,True,False,False,False,True,3865-ZFZIB,0,0,0.06630852456765819,Low Risk,0,0.022764543159564807
1,62,104.85,6312.9,False,True,False,True,False,True,True,False,False,True,False,False,False,True,False,False,False,True,False,True,True,False,True,False,True,False,0471-ARVMX,0,1,0.48790202681111106,Medium Risk,0,0.3923441220556559
0,1,74.1,74.1,False,False,False,True,False,False,False,False,False,False,False,False,False,True,False,True,False,True,False,True,True,False,False,True,False,False,8985-OOPOS,0,1,0.4162271216568284,Medium Risk,1,0.4176599135614374
0,12,61.65,713.75,False,False,False,True,False,True,False,False,False,True,False,False,False,True,False,True,False,False,False,False,False,False,True,False,False,True,0719-SYFRB,1,1,0.45904720258824144,Medium Risk,0,0.31338647053891044
0,48,45.3,2145.0,False,True,False,False,True,False,False,False,False,True,False,False,False,True,False,False,False,False,False,True,False,False,True,False,False,False,0447-BEMNG,1,0,0.3071463475186973,Medium Risk,0,0.21470336588761674
0,3,64.5,177.4,False,False,True,True,False,False,False,False,False,True,False,False,False,False,False,True,False,False,False,True,False,False,True,False,False,False,5630-AHZIL,0,1,0.455338514192667,Medium Risk,0,0.3938004970087017
0,40,78.85,3126.85,False,True,False,True,False,True,True,False,False,False,False,False,False,False,False,True,False,False,False,False,False,False,True,True,False,False,2190-BCXEC,0,1,0.5433982827672327,Medium Risk,1,0.44969368352185524
0,19,25.15,468.35,True,False,False,False,True,False,False,False,False,False,False,False,False,False,False,False,False,False,False,False,False,False,True,False,False,False,1559-DTODC,0,1,0.6077355702081428,High Risk,1,0.4116122131679638
0,1,70.25,70.25,False,False,False,True,False,False,True,False,False,False,False,False,False,False,False,False,False,False,False,False,False,False,True,False,True,False,3244-DCJWY,1,1,0.8591415895696327,High Risk,1,0.8843416605493697
0,67,24.9,1680.25,False,True,True,True,False,True,False,True,True,False,True,False,True,False,True,False,True,False,True,False,False,True,True,False,False,True,3967-VQOGC,0,0,0.013517612875034507,Low Risk,0,0.019156138817723094
0,16,100.7,1522.7,False,True,True,True,False,False,True,False,False,True,False,False,False,True,False,False,False,True,False,True,False,False,False,False,False,False,0265-PSUAE,0,1,0.6072398010763791,High Risk,1,0.6129683705056937
0,1,19.55,19.55,False,False,False,True,False,False,False,True,True,False,True,False,True,False,True,False,True,False,True,False,False,False,True,False,False,True,1622-HSHSF,0,1,0.469070071414827,Medium Risk,1,0.5393245006716499
0,21,53.15,1183.2,False,False,True,False,True,False,False,False,False,True,False,True,False,True,False,True,False,True,False,False,False,True,False,False,False,True,9867-XOBQA,0,0,0.09905744401594502,Low Risk,0,0.08863974608021262
1,29,35.65,1025.15,False,True,True,False,True,False,False,False,False,False,False,True,False,True,False,False,False,False,False,False,False,False,True,False,False,True,6773-LQTVT,0,1,0.45455814513332005,Medium Risk,0,0.349582996768971
1,20,94.3,1818.3,True,True,True,True,False,False,True,False,False,True,False,False,False,True,False,True,False,False,False,True,True,False,False,True,False,False,4332-MUOEZ,0,0,0.3182699356946863,Medium Risk,0,0.29752371562186547
0,13,94.1,1215.6,False,True,False,True,False,True,True,False,False,False,False,True,False,True,False,False,False,True,False,False,False,False,False,False,True,False,0023-XUOPT,1,1,0.8099241261042501,High Risk,1,0.7113665555703025
0,9,29.95,248.95,True,True,True,False,True,False,False,False,False,False,False,True,False,False,False,False,False,False,False,False,False,False,True,False,True,False,6543-CPZMK,1,1,0.7085565514857488,High Risk,1,0.5178566181243925
0,51,83.25,4089.45,True,True,False,True,False,False,False,False,False,True,False,True,False,True,False,True,False,True,False,True,False,True,True,True,False,False,6418-HNFED,0,0,0.06212888479618706,Low Risk,0,0.018787217064187883
0,60,79.05,4663.4,True,True,True,True,False,False,False,False,False,True,False,True,False,False,False,True,False,True,False,True,False,False,True,True,False,False,1036-GUDCL,0,0,0.1448017166141407,Low Risk,0,0.15882188588891696
1,20,79.15,1520.9,False,False,False,True,False,True,True,False,False,True,False,False,False,False,False,False,False,False,False,False,False,False,True,False,True,False,4818-QIUFN,1,1,0.7733776002874226,High Risk,1,0.6920020376187346
0,9,34.7,296.1,True,False,False,False,True,False,False,False,False,False,False,False,False,False,False,False,False,True,False,False,False,False,True,True,False,False,0778-NELLA,1,1,0.7500576297915327,High Risk,1,0.5005731743561644
1,8,80.65,633.3,False,True,False,True,False,True,True,False,False,False,False,True,False,False,False,False,False,False,False,False,False,False,True,True,False,False,7495-OOKFY,1,1,0.8063384266502062,High Risk,1,0.783595013846271
0,63,79.8,5034.05,True,True,False,True,False,True,False,False,False,False,False,False,False,True,False,True,False,True,False,True,False,True,False,True,False,False,4737-HOBAX,0,0,0.06662780057392621,Low Risk,0,0.04540229698042408
0,10,65.9,660.05,False,True,True,True,False,False,False,False,False,False,False,True,False,True,False,False,False,False,False,True,True,False,True,False,False,True,7919-ZODZZ,0,0,0.3672295176130467,Medium Risk,0,0.2716617097905569
0,3,69.95,220.45,False,False,False,True,False,False,False,False,False,False,False,False,False,True,False,False,False,True,False,True,True,False,True,False,True,False,2988-PLAHS,0,1,0.660255589206004,High Risk,1,0.5406445716236782
0,44,20.6,926.0,True,True,True,True,False,False,False,True,True,False,True,False,True,False,True,False,True,False,True,False,True,False,False,False,False,False,9067-SQTNS,0,0,0.03646243311485785,Low Risk,0,0.011395075221673075
0,8,51.3,411.6,True,True,True,True,False,False,False,False,False,True,False,False,False,False,False,False,False,False,False,False,False,False,True,True,False,False,6483-OATDN,0,1,0.43479531480341393,Medium Risk,0,0.3388005720258375
0,61,106.0,6547.7,True,True,True,True,False,True,True,False,False,True,False,True,False,False,False,False,False,True,False,True,True,False,True,False,True,False,5469-CTCWN,1,0,0.38764377677615447,Medium Risk,0,0.2517363344366294
0,43,99.3,4209.95,False,True,True,True,False,True,True,False,False,False,False,False,False,True,False,False,False,True,False,True,False,False,True,False,False,False,3524-WQDSG,0,1,0.6869798931618823,High Risk,1,0.6282088586622668
0,43,56.35,2391.15,True,True,False,True,False,False,False,False,False,False,False,False,False,False,False,False,False,True,False,False,True,False,True,False,False,True,6968-URWQU,0,0,0.21671845917579702,Low Risk,0,0.2504446186123794
0,5,50.6,249.95,False,False,False,True,False,True,False,False,False,False,False,False,False,False,False,False,False,False,False,False,False,False,True,False,False,True,8601-QACRS,1,1,0.6817023873441059,High Risk,1,0.6197579448405146
0,29,69.05,1958.45,True,True,True,True,False,True,False,False,False,True,False,False,False,False,False,True,False,True,False,False,True,False,False,False,False,False,8690-UPCZI,0,0,0.1406558836809891,Low Risk,0,0.07206020398476715
1,54,99.05,5295.7,True,True,False,True,False,True,True,False,False,False,False,False,False,True,False,False,False,True,False,True,False,False,True,True,False,False,5331-RGMTT,0,1,0.716043592528646,High Risk,1,0.6257865696765657
0,50,98.25,4858.7,True,True,False,True,False,True,True,False,False,False,False,True,False,False,False,False,False,True,False,True,True,False,True,False,True,False,1357-BIJKI,0,1,0.6106105980028409,High Risk,1,0.5091031257177385
0,68,88.15,6148.45,False,False,False,True,False,True,False,False,False,True,False,True,False,True,False,True,False,True,False,True,False,True,True,False,True,False,2088-IEBAU,0,0,0.07703194704446302,Low Risk,0,0.026762972761615947
1,1,69.25,69.25,False,True,True,True,False,False,True,False,False,False,False,False,False,False,False,False,False,False,False,False,False,False,True,False,True,False,0679-IDSTG,1,1,0.855965737516129,High Risk,1,0.8725788633721568
0,72,108.3,7679.65,False,True,True,True,False,False,True,False,False,True,False,True,False,True,False,True,False,True,False,True,False,True,True,False,False,False,6519-ZHPXP,0,0,0.08105963200219252,Low Risk,0,0.0977717000539263
0,55,73.1,4144.9,False,False,False,True,False,True,True,False,False,False,False,False,False,False,False,False,False,False,False,False,False,False,True,False,True,False,2101-RANCD,0,1,0.6120701331545391,High Risk,1,0.577448944460465
0,3,70.3,220.4,True,False,False,True,False,False,True,False,False,False,False,False,False,False,False,False,False,False,False,False,False,False,True,False,False,True,4029-HPFVY,0,1,0.806696311550963,High Risk,1,0.7740531463080297
0,1,19.05,19.05,True,False,False,True,False,False,False,True,True,False,True,False,True,False,True,False,True,False,True,False,False,False,False,False,False,True,1015-OWJKI,0,0,0.3989457448624879,Medium Risk,0,0.3015212379964598
0,7,19.85,144.15,False,True,True,True,False,False,False,True,True,False,True,False,True,False,True,False,True,False,True,False,False,True,False,False,False,True,8314-HTWVE,0,0,0.08453604279524723,Low Risk,0,0.035546220933918085
1,9,84.4,732.5,True,False,False,True,False,True,True,False,False,False,False,False,False,False,False,False,False,False,False,True,False,False,True,True,False,False,5357-TZHPP,1,1,0.8659255668621464,High Risk,1,0.7989813108074817
0,37,35.8,1316.9,True,False,False,False,True,False,False,False,False,False,False,False,False,False,False,False,False,True,False,False,False,True,False,True,False,False,8727-XDPUD,0,0,0.1404752444049308,Low Risk,0,0.15957255940143025
0,62,86.1,5215.25,True,True,True,True,False,False,False,False,False,True,False,True,False,True,False,True,False,True,False,True,False,True,False,False,True,False,9073-ZZIAY,0,0,0.0372539540011808,Low Risk,0,0.04064207705855046
0,56,61.3,3346.8,False,True,True,True,False,False,False,False,False,True,False,True,False,True,False,False,False,False,False,False,False,True,True,True,False,False,5181-OABFK,0,0,0.027265634096512604,Low Risk,0,0.02377700956969491
0,27,24.5,761.95,False,True,True,True,False,True,False,True,True,False,True,False,True,False,True,False,True,False,True,False,False,True,False,False,True,False,3812-LRZIR,0,0,0.06976860489201854,Low Risk,0,0.07397333822601714
0,49,87.2,4345.0,False,True,True,True,False,False,False,False,False,True,False,True,False,True,False,True,False,True,False,True,True,False,True,False,False,True,5204-HMGYF,0,0,0.10000102540330999,Low Risk,0,0.13946557903132886
0,28,20.3,487.95,True,True,True,True,False,False,False,True,True,False,True,False,True,False,True,False,True,False,True,False,False,True,True,True,False,False,9950-MTGYX,0,0,0.04784762983839387,Low Risk,0,0.004392456493022097
0,5,20.65,93.55,True,False,False,True,False,False,False,True,True,False,True,False,True,False,True,False,True,False,True,False,False,False,False,False,False,False,3675-EQOZA,0,0,0.33462512079724804,Medium Risk,0,0.21319539577614835
0,56,19.7,1051.9,False,False,False,True,False,False,False,True,True,False,True,False,True,False,True,False,True,False,True,False,False,True,False,False,False,False,3646-ITDGM,0,0,0.013241584770859583,Low Risk,0,0.07294880576428978
0,72,70.45,5165.7,False,True,True,True,False,True,False,False,False,True,False,True,False,True,False,True,False,False,False,False,False,True,True,False,False,False,3913-FCUUW,0,0,0.017471172054083595,Low Risk,0,0.03600069071306805
